,PRT_ID,SALES_PRICE
0,P05996,404149270.8327692
1,P09294,517012354.9453965
2,P03807,499143596.94017124
3,P00539,513615166.30960864
4,P01448,389807467.741305
5,P06667,547890885.8872516
6,P09803,551141209.9915802
7,P05568,659719575.2189445
8,P05102,528520362.35335934
9,P04556,382626975.13559663
10,P03782,499939247.94011676
11,P02221,567676477.5970292
12,P03299,529910058.262746
13,P08959,422315919.36853737
14,P09377,453308997.98708427
15,P09924,498709552.199771
16,P01394,435885150.26780933
17,P07407,494848810.7889672
18,P08729,502110530.8086372
19,P09542,527262892.2676352
20,P01853,429682732.06765586
21,P08051,509005136.9451053
22,P08271,388530215.05182433
23,P02055,495193069.5699446
24,P01462,419738125.76499146
25,P03664,545368452.0185982
26,P02370,429188053.90075403
27,P07852,588790413.9549505
28,P06278,603056242.8699992
29,P08467,495444303.1947189
30,P00992,517683336.15573096
31,P05942,413041927.0905949
32,P03989,408023842.3814822
33,P07060,470598462.1119011
34,P00285,529555569.0192843
35,P04718,428167040.03657204
36,P00956,488073363.72234535
37,P07903,559725277.310752
38,P09166,472576885.3569564
39,P04499,450252529.0116497
40,P04015,346922745.11462605
41,P09376,507829060.7953719
42,P00012,382129765.5785759
43,P08995,490805675.82376087
44,P02323,475663675.70892465
45,P01359,422755563.0788087
46,P07090,531558917.1400564
47,P08475,503174997.8664585
48,P02125,564695194.9704703
49,P07915,580064076.2174757
50,P06139,438423092.47224337
51,P03073,434125741.0392452
52,P08441,435299805.22605914
53,P01565,482056362.6850634
54,P00791,432121633.7687783
55,P06751,513654186.63929075
56,P04554,560392802.699596
57,P03839,462943693.06300163
58,P01409,470000723.1158385
59,P07431,522311472.08631414
60,P03489,589692528.8075081
61,P06387,455319064.1824119
62,P06779,439618004.82665783
63,P01889,463410496.350502
64,P06149,504621983.43417376
65,P08873,488157399.940727
66,P03425,582866227.9924115
67,P09806,492792771.621157
68,P04345,557327693.8354408
69,P04042,523986955.35729253
70,P09781,453262783.8609
71,P00254,499165255.74568474
72,P09091,560809154.2587571
73,P04061,531292080.94263375
74,P06644,433983153.6719328
75,P08517,512523658.05076104
76,P07492,472704085.7902981
77,P04452,526454213.04506415
78,P08144,434392347.5029186
79,P02854,440805274.9926494
80,P04835,457679931.6223445
81,P00455,526205526.472162
82,P07396,415306131.6546544
83,P07777,409790889.1247775
84,P05423,463455143.8334997
85,P05820,557612924.8832412
86,P01309,428829530.630457
87,P04343,393689583.76652104
88,P05167,431031846.7232742
89,P03621,406673672.931754
90,P01131,572793302.5984479
91,P04092,376075734.58214617
92,P07035,451870754.27121437
93,P04257,484407171.11139166
94,P00928,561262504.6503772
95,P09597,482949336.720525
96,P09744,552803516.3228337
97,P08951,397880083.9653289
98,P03143,463191329.11686474
99,P00062,394666586.9786335
100,P06406,487818561.35449415
101,P07835,442254590.787576
102,P00485,408701479.2144387
103,P09288,488897530.22551507
104,P04002,504813113.858256
105,P04853,430789934.6110875
106,P03361,506332773.1659256
107,P05281,500471887.18645096
108,P06568,539674256.6013736
109,P07595,425044947.91527355
110,P02829,628593505.7152526
111,P03226,451514226.58590287
112,P03068,527334679.2003607
113,P04223,422237365.18108845
114,P01682,423784380.0070687
115,P01342,422291420.0174581
116,P01954,529445621.9712982
117,P03346,584615479.5443898
118,P06090,434858805.0772558
119,P08664,489150452.97072303
120,P02701,549184309.9210182
121,P03668,513445387.59558314
122,P05791,460402074.5733016
123,P04571,443059582.54580784
124,P04306,496197489.5870849
125,P06965,449214004.0186597
126,P00968,470565769.38113236
127,P07351,475431676.0787788
128,P07627,544891674.2603749
129,P02263,409026515.26157725
130,P00900,418209626.91226685
131,P05532,512864024.05005276
132,P02420,522874198.9381453
133,P02948,532941813.6846289
134,P02449,503469887.89076513
135,P04555,467565546.3111074
136,P08461,571406948.5756903
137,P03817,500136602.2830903
138,P01194,571735802.9348859
139,P00096,508052609.8454594
140,P06955,498503018.285109
141,P07375,454876034.0084144
142,P01198,450330868.83321714
143,P06393,410731773.5147652
144,P00973,605106859.3979977
145,P08413,536519313.98093265
146,P08452,475796928.6461183
147,P05808,670135932.3774184
148,P01732,466967027.776812
149,P03265,487382622.6501092
150,P09269,554931170.6041996
151,P02005,555093944.0636073
152,P09884,459773657.58726376
153,P03077,508429225.05276555
154,P02144,577328145.1203347
155,P01972,414114263.1754062
156,P03272,626231620.2885629
157,P04748,530764073.0972101
158,P09255,567381755.8414922
159,P02072,559266498.8005916
160,P05111,666907340.9396287
161,P05943,511099778.7682392
162,P04135,612239754.153727
163,P03351,498959953.41217935
164,P02627,438547221.99973905
165,P02406,468937279.385098
166,P05640,514154955.64593583
167,P09231,495683653.998345
168,P06390,416698735.6448855
169,P08275,499954756.9898313
170,P00571,401716740.8558151
171,P03094,571197436.9429289
172,P02145,570137782.3724148
173,P01403,471906389.56193274
174,P00398,447344117.4046798
175,P05079,458726662.75377184
176,P08844,496649775.5568937
177,P05122,540475797.0540197
178,P02734,509343925.59314376
179,P07188,544074047.0925101
180,P05561,532776168.6081672
181,P00652,535853897.2231323
182,P01072,440826678.0631335
183,P00385,443370407.39470875
184,P05519,543609617.2098404
185,P01410,410418515.08215976
186,P05804,471885928.8469283
187,P07515,498872983.4851792
188,P00691,416556227.0639359
189,P03592,463074655.2203032
190,P09493,513488163.2794811
191,P04172,450669464.8749684
192,P01605,452011991.01827914
193,P03956,453641535.1514914
194,P05076,498166970.9439404
195,P05695,555486994.5133271
196,P00993,479866228.19934326
197,P02468,538189727.5032843
198,P06320,384772988.1918734
199,P02001,564643888.8292785
200,P08770,428581617.3489826
201,P00229,596862714.41106
202,P06646,555478298.8544282
203,P04466,485317563.8282103
204,P05793,460796443.33275634
205,P01750,487545828.1128071
206,P09131,438925037.3254707
207,P02168,473522026.9353022
208,P02511,408285609.6889584
209,P07343,457795308.9022947
210,P01376,592031675.2672197
211,P07422,570250888.0253199
212,P01769,482192478.51509005
213,P08586,499386867.64912343
214,P06488,457896931.48209774
215,P01230,424863652.7994148
216,P02908,385956242.9669952
217,P08831,584706087.4096519
218,P03288,541462071.9063343
219,P00680,381137008.82129914
220,P02031,429097903.6282483
221,P04875,439940999.0198085
222,P07956,531518404.23859817
223,P08447,445940407.90892905
224,P05865,461105696.74252725
225,P09672,578681431.6520265
226,P09920,467105688.45217526
227,P04910,471387677.37612146
228,P00162,485187122.34427303
229,P01825,493907575.8888695
230,P05292,417402398.6271316
231,P02712,457018036.6973078
232,P07747,423031726.05156434
233,P07472,499990227.414963
234,P00068,521592487.2430867
235,P00750,553602913.2734778
236,P01938,540181186.1656188
237,P08240,432495075.3157771
238,P05994,504788736.9852597
239,P00744,494558761.7958942
240,P00792,549449621.8761163
241,P04083,407553488.4670287
242,P01744,551374731.5845616
243,P03503,488387610.8708838
244,P04256,432019537.0271646
245,P05332,504953205.4882014
246,P04078,535589505.54921645
247,P06574,618898989.8823397
248,P04752,509369734.69330746
249,P03316,521436697.9773847
250,P07291,525395689.0818507
251,P07280,552674447.5345166
252,P04397,452117193.50839823
253,P02025,480755197.63086015
254,P09003,572727827.0449077
255,P03088,463000092.8473515
256,P05216,564003104.8176451
257,P00823,472813528.81251866
258,P07932,551335943.4714845
259,P02680,557001288.7930803
260,P03407,547322391.8882712
261,P06860,518111384.810993
262,P06832,464044758.07685924
263,P00361,594136413.6720344
264,P06394,442748607.09894043
265,P03881,441049340.3220754
266,P02725,457675315.1223794
267,P00544,582406941.9567512
268,P08809,500892706.43929523
269,P02307,522660487.4430873
270,P08485,509848007.8007493
271,P09159,566955747.968438
272,P01398,452324139.58274144
273,P02495,437779356.6972909
274,P08769,430593151.3959719
275,P00458,463559656.4257266
276,P05850,599130345.0948099
277,P06648,433072162.3127586
278,P05003,478263608.950334
279,P03602,603517521.8237125
280,P03201,503820827.59752464
281,P00489,509300223.0971543
282,P06958,404067528.4793595
283,P04750,492091532.31413907
284,P06660,518491308.2866667
285,P04403,471258894.43142545
286,P04175,491612491.8565931
287,P07433,526476369.87205213
288,P03525,443870673.0626515
289,P09373,391575921.3328591
290,P05845,455518075.691078
291,P05717,517847799.1648211
292,P00953,483115983.4892503
293,P01301,491292627.83002055
294,P07032,409075865.30775756
295,P09312,443239933.1982537
296,P02357,518630607.8810018
297,P00029,492690150.898573
298,P06760,554295357.8037938
299,P03206,492707865.19948316
300,P08261,522664240.60598445
301,P07838,596622196.0223311
302,P03558,504188095.76264584
303,P03700,469049037.3537063
304,P06412,558116910.9452305
305,P04043,518330726.27347916
306,P03850,474942260.06128544
307,P05426,442953244.2648609
308,P00178,418546320.2523992
309,P03363,458189876.3748361
310,P01018,555459423.9448767
311,P00572,439658593.87212884
312,P02373,465481284.2498318
313,P04813,469235248.14052516
314,P05372,418974758.7581564
315,P04285,522402900.48901415
316,P00459,541967640.2712547
317,P02208,380545161.4060241
318,P08567,462875603.5146661
319,P07415,644852764.3332659
320,P02413,513068162.2438107
321,P02586,503632773.29616076
322,P05842,456862976.93710965
323,P05225,544806995.4495385
324,P03024,500102125.89269346
325,P04596,334933214.1337303
326,P01389,527806853.29581654
327,P03708,438705512.1475813
328,P08783,465124601.15633845
329,P06624,505835233.33191717
330,P02243,636788447.8028878
331,P00020,379369426.6883213
332,P05876,441020657.95438945
333,P07232,439633669.4326735
334,P02855,514072320.2820455
335,P09303,475190096.7565297
336,P02015,483700532.28077227
337,P05454,576022284.7187673
338,P07348,530077278.85466933
339,P03637,508639834.7273165
340,P00263,418855708.8672937
341,P02270,529421072.3924528
342,P06691,427165081.0533677
343,P04068,429197286.54669076
344,P04812,427268685.84716064
345,P05806,628973302.6232107
346,P08297,437877403.13475543
347,P09086,629019742.5177206
348,P00775,475904309.73038363
349,P06970,578489692.0974393
350,P07630,439324617.9409431
351,P06558,358120864.2961255
352,P01847,522303927.826915
353,P04412,404467144.23909914
354,P05028,465841396.840621
355,P04089,368960395.86835814
356,P03672,443288428.56223065
357,P05147,446800135.8225272
358,P08288,471275949.4041096
359,P01330,480766165.54284066
360,P04020,443930091.73954445
361,P07516,457634473.0337435
362,P03129,562366527.2223209
363,P07204,513462275.03629637
364,P02045,435564032.34445775
365,P08996,560244593.2819068
366,P00574,427918292.4626203
367,P02149,520491685.4491196
368,P09851,572105849.0982358
369,P00509,661738577.8810523
370,P00136,543628687.8140153
371,P02618,534471577.97011924
372,P07265,456721136.6824461
373,P00855,593074746.0497098
374,P03046,480527424.74955666
375,P10026,481982428.03617996
376,P00177,442348661.23842293
377,P09301,433482741.33903277
378,P03284,451806075.79142296
379,P06088,410077638.3107957
380,P01106,408206815.2387235
381,P05623,518248860.6745689
382,P01357,584124933.2155377
383,P00215,556316449.8731695
384,P05023,559158693.0652385
385,P02983,431089854.79571086
386,P05782,449301896.40002334
387,P05733,569446278.9110452
388,P02670,475409315.4441609
389,P08342,440614261.96475947
390,P09732,518790045.6085771
391,P05262,543954722.134158
392,P05661,510519125.3457801
393,P07639,474519605.9456475
394,P08096,493411287.79002404
395,P09511,534856420.21286273
396,P00822,479496344.6288554
397,P06290,490546063.24338174
398,P06505,529712252.03896207
399,P07653,505433538.6985535
400,P06447,580174071.2501633
401,P04980,496083197.40498483
402,P05638,495802026.5970357
403,P07544,487915046.4221625
404,P01335,448590896.1965018
405,P05311,426016839.72625756
406,P03627,513097455.46250015
407,P03784,430785519.1728646
408,P01464,544501136.7293816
409,P01171,465221268.9933432
410,P07123,490899101.47329295
411,P09662,570187388.5884244
412,P03540,462059682.16533923
413,P05302,445286861.683644
414,P08705,445175873.7808841
415,P06665,382402151.0747894
416,P04037,496364824.9829343
417,P00325,434728148.765174
418,P08837,480864434.5007373
419,P05445,549924714.4159799
420,P00292,440634386.2535122
421,P05044,544882919.4035461
422,P03002,393161937.0272381
423,P05551,523698261.47955614
424,P01037,596441390.241828
425,P02316,495907138.65717113
426,P07532,618883548.8887383
427,P02051,503210975.8452484
428,P00817,465678852.6817125
429,P05975,455091513.9943215
430,P09942,448036293.0760559
431,P00488,470031749.71784145
432,P03977,474690537.99325764
433,P07179,484398620.8513066
434,P04074,460301424.7185941
435,P04318,567155216.9878293
436,P07771,461319286.3472688
437,P06431,482898782.13516325
438,P00647,513281385.5710548
439,P03725,557043959.2742548
440,P00359,568004871.2371954
441,P03884,439543814.14391136
442,P04772,408475208.23509073
443,P04202,444703399.6766408
444,P07384,519269149.74034184
445,P09375,478189325.02680856
446,P02603,449644043.7162833
447,P05744,509630183.2574633
448,P00454,430549685.11093587
449,P03580,445024938.1120103
450,P01351,474595529.5669379
451,P05632,459744191.1111029
452,P02658,592859219.4864892
453,P03487,497065371.39501566
454,P05745,419693101.939592
455,P08616,644501023.3056936
456,P00575,439950398.7847656
457,P00782,527771697.0004495
458,P09266,385654301.5805302
459,P05541,477572721.7817839
460,P07213,482228464.89784133
461,P03123,447440242.51654357
462,P01741,429109032.2041503
463,P04336,529077746.92507756
464,P02060,645824504.8072653
465,P04800,506651188.5003039
466,P01707,446489942.2830449
467,P06617,406962343.4290321
468,P08260,490851055.84951997
469,P07352,477384409.2601756
470,P01510,375135609.7935536
471,P06564,579104302.8721141
472,P08889,435816119.62728345
473,P07268,528877182.1571084
474,P08641,507970852.38558847
475,P03743,470086750.15423757
476,P08861,468027069.2163071
477,P07687,449896216.5546993
478,P06080,396035386.58315736
479,P01691,489260301.1064641
480,P03308,455896854.2978904
481,P00113,492773030.53754014
482,P04949,423304614.1695574
483,P04243,508384982.3367412
484,P04199,531895528.1043737
485,P02919,533635280.48445106
486,P06267,405524657.6246559
487,P07383,541935322.7484909
488,P05429,580859898.0931633
489,P07746,428174528.2752956
490,P08241,527067984.99875
491,P00774,467741502.4763639
492,P02143,540202070.4262692
493,P00054,553937747.5599699
494,P05676,469500807.8229019
495,P05875,371779294.6396894
496,P05395,506068286.36185735
497,P07026,432424505.3632355
498,P09598,477525652.2225697
499,P09339,567979850.2988936
500,P03381,446890567.9519524
501,P08655,498767876.61782527
502,P02719,423677893.6121582
503,P06426,464996225.2499609
504,P06890,542240149.1587677
505,P02086,443509952.25354815
506,P00830,391859547.0084058
507,P06941,642279133.8409998
508,P02557,525173724.9064642
509,P07158,545969790.0008328
510,P08899,439771710.5345796
511,P10027,496869014.72612524
512,P03382,341661689.0476107
513,P02619,541402991.1712362
514,P01966,534158081.3228305
515,P01898,621858907.702066
516,P08328,550813257.7263364
517,P08153,467147009.57075965
518,P03374,418126987.3324606
519,P02884,543682230.6351081
520,P04956,469307034.14834255
521,P03101,417134689.18779033
522,P02129,492753121.84130955
523,P08409,504257321.0788817
524,P04789,515640006.40954053
525,P06595,556363320.8007643
526,P08818,598605818.0670244
527,P00049,591842080.4328015
528,P08666,505306168.24350274
529,P05554,516835336.0537636
530,P07193,624683828.3972487
531,P09408,491965341.84587437
532,P04719,519565062.22444963
533,P04932,437140031.6860151
534,P08708,614304749.2807939
535,P02340,569597571.4777926
536,P03249,568982775.2795829
537,P06831,528380952.3719916
538,P08001,423194525.9043292
539,P03973,366038099.1636383
540,P00444,480235225.804588
541,P04158,479569715.24327064
542,P05855,566513992.525446
543,P07262,548715743.6246505
544,P05559,408858955.8599532
545,P05021,473551253.5177429
546,P04934,643482003.8426476
547,P04829,422721054.6927441
548,P00660,441224005.66745
549,P03892,526748372.9464423
550,P01406,420996310.7971416
551,P01094,438287246.446581
552,P05683,505989577.4908224
553,P07631,448970975.3407287
554,P00484,532903476.07763034
555,P05440,445957266.5028886
556,P04666,549332597.526801
557,P08189,455620653.98307514
558,P09308,426886071.44521457
559,P05750,530099837.75066537
560,P00197,478576017.01786023
561,P01039,464637042.40770423
562,P09092,446874539.6079384
563,P06411,411719679.0084515
564,P04634,441096570.6605972
565,P09504,563069720.1714804
566,P01248,413148489.65592897
567,P00972,550820655.5698717
568,P00715,455874933.7256791
569,P02242,495067814.0533641
570,P07921,424421929.61573553
571,P00696,494762712.59116596
572,P08880,436149336.6618727
573,P07657,414534153.39302325
574,P06355,422376108.8513774
575,P06033,444445786.08259577
576,P00383,379294034.20405287
577,P09085,589862515.9356961
578,P06524,444422761.2409281
579,P01567,550987650.3929385
580,P09132,393283043.9303131
581,P00940,553862944.4654646
582,P08171,550549128.966758
583,P00456,529599509.6598275
584,P04128,450110183.1501332
585,P02328,514579771.0009779
586,P00793,551956806.4671711
587,P02409,455530888.2257376
588,P01064,513722538.0255734
589,P05038,498623124.3252811
590,P05479,419309231.3145384
591,P00326,425818223.8052944
592,P00974,408575531.14789003
593,P05278,528109205.521273
594,P08168,449261961.6341941
595,P05103,574365082.3709798
596,P04646,510313243.1394705
597,P08299,517154779.7272626
598,P00859,478557619.8863218
599,P02708,401828113.9560025
600,P09223,441088509.41026014
601,P03765,443892823.346444
602,P03835,538174587.5666167
603,P02787,580412298.9859643
604,P00567,623012330.5607138
605,P01184,631517416.4100755
606,P04181,448555630.44494873
607,P01221,535674985.56962794
608,P09360,470035638.01200736
609,P07530,465726671.3561795
610,P04603,452950549.48554575
611,P01306,437840261.4797143
612,P08283,596321500.8372079
613,P05162,484915981.1706021
614,P09889,517495029.54511195
615,P09432,470422406.8919943
616,P01524,666747840.8892925
617,P07172,527961243.9839285
618,P03266,475145672.0201481
619,P07889,499587228.4425684
620,P04431,483222815.48284084
621,P01797,473062863.8130873
622,P00268,479397141.69956976
623,P08897,483781359.3307771
624,P04788,441727857.0817705
625,P08215,456909986.3910386
626,P03595,528693877.19945914
627,P01202,494669249.8246433
628,P01297,533083420.8319292
629,P00618,544426353.9628814
630,P05952,627780593.7571716
631,P00102,567485776.1099502
632,P09921,571746621.468981
633,P09040,508570968.82497305
634,P01561,574845144.5172081
635,P03040,550380204.2263551
636,P01726,465575361.00914425
637,P08303,539842249.3842446
638,P08679,453837232.2236381
639,P00044,492987673.4091493
640,P03533,416162669.77556795
641,P04424,499516254.8547026
642,P04909,616828908.3781033
643,P00235,475641700.5477394
644,P05419,500594184.8525736
645,P05054,454724658.02684253
646,P03596,420764659.6535688
647,P07307,532945590.56236804
648,P05807,495634038.35170174
649,P05815,429313764.1765389
650,P09586,514662341.69157374
651,P07811,474962079.8756333
652,P06349,418517437.82888526
653,P02253,469757511.5494788
654,P02795,608730597.6553785
655,P06160,299522287.47852767
656,P00762,585192816.1442196
657,P00731,531560938.10219735
658,P02460,489801985.9282719
659,P03135,516623938.7691713
660,P00013,433948366.6026476
661,P02202,479070702.05762434
662,P05706,601849070.3551426
663,P06135,481326837.4848618
664,P05349,577283058.4022785
665,P06331,442605053.59152085
666,P03673,468082391.1903444
667,P07108,522484492.3190578
668,P03471,447167592.15133303
669,P06194,464271397.1011387
670,P05433,398196734.5058249
671,P03263,461067495.8094156
672,P05463,510389531.3488773
673,P02095,442267807.7773832
674,P04411,380165383.3239621
675,P02266,540506317.9410752
676,P04589,415917950.8658234
677,P02187,536844716.24528366
678,P03438,520204394.0601999
679,P09224,436024041.71921825
680,P08410,447028994.11620915
681,P09790,497134935.35594136
682,P09729,498658731.9934492
683,P04857,478543116.6489185
684,P06887,470151990.2752805
685,P04640,482706980.8573834
686,P00207,472691992.6329507
687,P03508,442069191.01495475
688,P05938,388145486.3630578
689,P03547,556356223.0104032
690,P05288,418153525.97785556
691,P05420,361907976.21288097
692,P02326,495342128.02325076
693,P06785,503894252.69405
694,P07151,480613870.964523
695,P04014,583462769.0446846
696,P08263,493548813.9355176
697,P07365,618978294.490701
698,P09960,496568500.3053976
699,P02196,464095854.8358865
700,P07441,421280966.68064415
701,P09069,565798893.3789549
702,P05937,447614453.3954991
703,P05930,504814005.7681946
704,P01100,489434977.83681464
705,P03395,500241966.01786464
706,P07971,500468529.5373363
707,P04746,450225808.4891622
708,P08162,471891399.3243488
709,P07666,440228817.29588425
710,P04537,447892609.2099674
711,P03593,541397845.3457354
712,P01054,553538611.0392127
713,P07884,555845534.3903409
714,P01290,461753463.62465453
715,P00320,523686535.17838633
716,P04621,435394015.19956225
717,P03877,558833598.3363827
718,P06541,475708575.3950677
719,P08952,420218760.6825784
720,P04902,403969519.0390447
721,P01800,498239521.4853855
722,P08866,535354957.0626902
723,P04898,449982155.5952003
724,P09112,520407997.25419277
725,P04962,513121227.8901247
726,P09567,530604864.9398345
727,P04072,469761301.00959545
728,P07859,520594320.1685429
729,P09852,502612815.0683341
730,P09042,566981198.2594637
731,P01141,433576969.17681813
732,P00805,425745394.2275648
733,P05860,604161928.1517043
734,P03638,649748410.9554368
735,P05972,492519326.3623732
736,P09829,597347581.673831
737,P07286,515621802.62302387
738,P01416,403613451.1367135
739,P02104,446824044.5434116
740,P03028,469840586.13083345
741,P07450,407287193.2122132
742,P08176,443960920.598345
743,P06305,460536497.3076945
744,P01242,519935447.68173254
745,P02341,515046569.7438112
746,P01842,416324568.9148227
747,P06403,433675199.9129751
748,P07301,422661231.44555634
749,P09454,418649146.2077847
750,P02514,402312602.64143115
751,P01440,462010368.8318252
752,P07960,506977500.9995181
753,P07390,490000971.0550522
754,P08137,507195800.29326516
755,P02599,524187669.8749887
756,P07625,488331327.89528537
757,P07970,541499430.7912552
758,P00038,537347874.703219
759,P07030,483765024.5467537
760,P03591,543977143.8357
761,P00492,453134397.2672703
762,P05265,486587744.40779895
763,P09261,472228014.77820134
764,P09858,492129533.2739888
765,P04062,405219870.07869065
766,P00260,495192421.6937587
767,P01610,472819380.17648256
768,P05645,493571714.671392
769,P00336,589170777.274524
770,P07797,547760360.5143224
771,P02312,509292826.2001062
772,P04276,497631912.26231444
773,P05730,543157276.8368303
774,P02704,554425107.814497
775,P00232,416276822.2291902
776,P07615,431392877.8788934
777,P06795,535633799.1592223
778,P06949,414396241.5918821
779,P04559,503216654.84837526
780,P05689,554909123.5658438
781,P04881,562470029.0459589
782,P05848,487994566.9678612
783,P05839,507719998.73508584
784,P04496,570215277.0554135
785,P08638,647895074.0350819
786,P09949,499822318.3289719
787,P09995,490179749.0711236
788,P08243,489602802.9204051
789,P02538,506257296.768762
790,P07590,469815498.19506454
791,P00710,593991548.341833
792,P02942,467948810.54734474
793,P03092,432358746.5740563
794,P07694,481734068.5247934
795,P03788,450835143.3687176
796,P08111,475946329.64236873
797,P09810,531675771.91593784
798,P06309,554670377.7410856
799,P02728,483287831.4228498
800,P07655,511548060.9579178
801,P00124,480615954.0228458
802,P02546,538940065.1351922
803,P08013,650617324.7944661
804,P01044,468816325.49432206
805,P02295,452808588.914363
806,P10011,539068410.0181222
807,P08259,440244882.40431446
808,P01716,437733859.3934998
809,P04251,341466174.12606406
810,P08497,538678229.2552246
811,P00835,425457608.758824
812,P00996,442391316.4945233
813,P09897,488765371.99539715
814,P05993,636177526.6902428
815,P09757,482723058.7458277
816,P04654,550455549.3054054
817,P03643,464556393.80385625
818,P05939,629208748.1852411
819,P01192,551561905.7239289
820,P03238,514875883.41249114
821,P05146,504290562.3422347
822,P07037,500284274.7599171
823,P07214,582418083.6978608
824,P01461,478892530.133117
825,P01648,418517294.0932618
826,P02175,559075718.2711685
827,P04120,415770876.35684735
828,P05988,474480621.9398018
829,P05721,514428330.72042274
830,P04464,548199483.4490519
831,P01630,394601792.52355117
832,P00091,431164994.46309614
833,P09356,439418455.80555505
834,P02683,450302533.36124533
835,P03759,506003352.8289773
836,P06093,460553725.9474609
837,P03388,537420018.891774
838,P09467,377212615.7525119
839,P09859,470744305.883767
840,P09609,505766244.7073897
841,P04896,539157273.7275825
842,P05949,528079731.2244638
843,P02002,396345754.56026214
844,P06714,442778019.1641385
845,P08095,507232956.9319704
846,P01638,512311032.7066731
847,P00202,464182594.73714274
848,P01621,466222732.09406173
849,P09424,490580032.38541996
850,P00490,487169355.61152893
851,P04205,528643530.2036763
852,P02379,560728375.5802516
853,P06620,533394616.86287504
854,P09646,524786576.02752894
855,P05688,500437779.60381544
856,P08878,401387042.517203
857,P01466,477364480.3098133
858,P01940,421101343.0563043
859,P09840,543455651.0451517
860,P03990,518371726.6075169
861,P09602,481554469.1377639
862,P09774,510538701.25425166
863,P06268,424720403.61049527
864,P04017,441669251.14518505
865,P06385,545168288.679717
866,P00024,450216367.1084838
867,P02663,509485282.3420385
868,P03312,532187732.53569347
869,P04039,480853842.1705709
870,P08623,432621573.22887874
871,P02068,534791817.46154946
872,P00985,562441414.4034618
873,P01659,505492908.74291104
874,P00104,593118828.2380295
875,P02958,586558331.1895672
876,P07934,552995056.8084856
877,P00440,524367277.83183855
878,P02043,490509772.99237365
879,P04689,555321018.889201
880,P02836,494392503.21744597
881,P06335,511810740.25202626
882,P08934,423062733.33654046
883,P04671,540310173.1241242
884,P05317,352948245.7125774
885,P03701,471304231.31036526
886,P06070,586327971.725897
887,P08116,410038667.27262974
888,P05140,441342916.70849705
889,P01373,514618663.5771288
890,P02628,527860595.50742584
891,P04773,421369089.60709053
892,P09842,588866306.6945091
893,P03099,584778215.5200349
894,P09083,524977649.1600329
895,P03650,586277129.5276554
896,P03539,510915912.084042
897,P03275,369404637.7419355
898,P03380,542647305.574574
899,P03937,407375482.10994047
900,P08991,600693161.9368957
901,P00497,464757022.84755814
902,P00592,451237984.9764363
903,P06365,499523826.58876294
904,P00271,508668878.00408715
905,P03477,402581701.3877841
906,P05922,448532486.0987985
907,P08761,507417276.78264356
908,P08734,519181555.9989945
909,P08183,399433384.0264308
910,P07804,549408333.8564085
911,P05385,388066488.16605335
912,P02614,473073594.4554061
913,P03042,461033773.5225692
914,P07999,604682069.2905816
915,P08510,522944644.9897617
916,P00318,557750864.2087831
917,P03605,553715268.4750552
918,P00417,592967899.2322783
919,P07324,658548367.2290107
920,P07491,487054873.2471596
921,P01969,492586069.27934444
922,P03364,497048336.41710687
923,P04864,377350536.8128458
924,P06176,512475664.14528465
925,P05545,541288147.8494368
926,P04265,605737505.7773817
927,P09759,443102902.14392483
928,P01311,488499464.0040702
929,P08957,496356885.38469803
930,P05178,500665840.54237276
931,P05903,429492897.71418464
932,P08204,614929350.2485331
933,P09487,434237703.0922742
934,P00333,394487588.393148
935,P04429,344278243.5953067
936,P08606,483297519.4574426
937,P08521,597982820.0646939
938,P01348,394220782.30280095
939,P09547,523031244.5086614
940,P01228,552813797.4048808
941,P03920,497392948.1046247
942,P06086,578846511.5485804
943,P00059,411582045.2580752
944,P02949,445765057.45225096
945,P06025,412236802.829503
946,P03424,523562326.23957783
947,P05089,539864590.8896775
948,P00348,454784058.8405828
949,P09247,424784114.7642068
950,P04547,535250485.29676116
951,P07493,668425997.7426997
952,P07052,510235490.7968059
953,P09442,502269963.8505147
954,P06829,578393802.6370028
955,P06388,508361092.4428638
956,P04985,508027782.09393346
957,P02152,459950541.1842392
958,P01764,586286812.336817
959,P02666,502158377.3201996
960,P01696,471813766.1468839
961,P02821,487825199.27955335
962,P09878,516261266.12368125
963,P03075,445257940.36189985
964,P08563,427100492.177007
965,P07271,499012776.9884489
966,P03483,611988479.3741
967,P09437,486430462.2702958
968,P02491,492235814.4477852
969,P04193,542092587.2508993
970,P09716,509932425.26925606
971,P05887,447354067.7190743
972,P04454,483552407.0142041
973,P06170,386551502.2606476
974,P03530,525849089.40660673
975,P09877,491209067.70635325
976,P06852,622790132.2429368
977,P05933,568771325.5280952
978,P00657,406378058.088708
979,P06748,442329170.21338403
980,P07013,445953479.09275186
981,P05649,460898282.91423416
982,P06061,487847316.9766945
983,P02790,525490744.2861386
984,P02410,542383607.5406686
985,P09249,563730160.6302465
986,P09635,505849993.99820936
987,P08185,565606349.3929988
988,P03057,462678722.10596925
989,P00799,573405941.2399783
990,P01960,601212435.5031769
991,P06526,433131522.8855896
992,P04692,416111479.6076832
993,P01304,500966491.85113144
994,P05581,519878250.67101294
995,P07533,405726296.5668783
996,P06659,481709185.2635786
997,P03632,434745462.3698338
998,P09125,464270533.7393244
999,P06024,430024116.12799394
1000,P08040,641614423.2012573
1001,P03695,436287063.9887892
1002,P04735,465750334.88724697
1003,P03843,629993692.8640758
1004,P09133,490928407.67011946
1005,P01261,513091800.03593504
1006,P07336,489140767.0551006
1007,P09251,524034802.7246725
1008,P08057,405566878.6973117
1009,P04183,522627303.21092933
1010,P05828,460155562.35383654
1011,P04321,438240449.3045151
1012,P06605,621632036.3555899
1013,P02259,495904067.6896677
1014,P02766,417757763.9467888
1015,P04539,441873061.11318105
1016,P09323,420129109.7396028
1017,P01776,539323416.6935507
1018,P04169,502361057.15997255
1019,P09334,410733117.07524014
1020,P06849,425326300.4903955
1021,P01547,475758542.7611819
1022,P09667,517186577.206997
1023,P05792,490204104.5366732
1024,P02909,596715564.9843531
1025,P01540,441127788.68963486
1026,P02224,426179835.6463454
1027,P08378,518192322.7842899
1028,P09647,549715976.4136993
1029,P09752,476772694.8721089
1030,P05337,369197458.2101692
1031,P09532,490451912.78322846
1032,P01637,521322408.41474867
1033,P04036,487352613.87823296
1034,P05462,499497451.3486569
1035,P09955,543727210.7431185
1036,P07991,482510916.92450225
1037,P05982,442176831.39302003
1038,P00547,425129391.50242484
1039,P09045,524925393.93408245
1040,P05977,591998248.3025588
1041,P09331,474078286.80761576
1042,P06474,422467785.89227027
1043,P00365,458129911.9623673
1044,P09641,492642520.7531463
1045,P06362,506712718.25482726
1046,P06140,427742316.0777525
1047,P00077,438901363.33894575
1048,P02277,520942474.4994276
1049,P03390,593030565.4189264
1050,P03402,551315118.4836481
1051,P04776,510094277.6940555
1052,P00540,404197043.448308
1053,P09587,520705629.5735198
1054,P00313,563150478.0474449
1055,P01300,376545138.305324
1056,P07577,555029074.1832566
1057,P03039,515035606.5514097
1058,P05207,430256363.34725523
1059,P09494,443660577.8190347
1060,P08403,418071930.40624464
1061,P06502,424689584.3347959
1062,P06493,533719964.676872
1063,P00672,497108550.85711974
1064,P07302,570527358.491476
1065,P09543,408768981.19559675
1066,P04767,510816171.7091167
1067,P00619,493295694.2200507
1068,P01077,425370024.2031662
1069,P07886,384627105.53351647
1070,P01870,483836711.4116029
1071,P04065,608472185.429508
1072,P00436,500742340.975203
1073,P02284,555319993.9702375
1074,P06897,511244495.67290705
1075,P08502,571979244.1608567
1076,P09678,458430329.0144341
1077,P02345,467206842.5611237
1078,P09644,499892905.1022961
1079,P04488,417871445.32117033
1080,P09096,491466826.5017095
1081,P04030,591201783.3306035
1082,P08949,458940979.2810401
1083,P08218,472316293.16036385
1084,P03375,481939954.5672504
1085,P00946,448455311.9614747
1086,P08398,549254685.2816203
1087,P08993,522881233.25164104
1088,P03514,474411440.7339655
1089,P02315,398748221.5858584
1090,P02610,426509516.6233222
1091,P01214,522378227.1713138
1092,P06059,525678758.58527845
1093,P00462,474778655.65474534
1094,P06921,509715512.4666981
1095,P06800,387794079.8494305
1096,P04267,493858958.2491165
1097,P00179,605399685.5362928
1098,P01729,508895826.3604889
1099,P03269,481256151.4016719
1100,P02808,475892185.02456325
1101,P00349,395708532.4895448
1102,P05032,580198967.7901577
1103,P09747,506719801.352102
1104,P10020,533974133.2483365
1105,P07162,465816146.0748577
1106,P04166,484965811.749564
1107,P06777,555184168.6462247
1108,P05497,415609312.7396125
1109,P08354,530868681.33107334
1110,P02912,411535930.932535
1111,P06021,492364934.9073333
1112,P09364,532409008.2979899
1113,P00693,589346254.1239291
1114,P00605,468345535.61143506
1115,P04149,452624054.0587435
1116,P03647,473773874.7306054
1117,P09228,524592186.6106437
1118,P03742,423908889.1112604
1119,P04327,628015148.3883847
1120,P09982,522328493.78709614
1121,P08632,416032486.43594813
1122,P01126,483171226.48628825
1123,P03480,480105413.7733154
1124,P04361,442997939.456808
1125,P08349,448742309.73599464
1126,P04425,507130086.39144534
1127,P09455,511790512.59794855
1128,P03095,456457719.7339146
1129,P04349,576831922.0038149
1130,P08219,422568466.28451633
1131,P04517,409513103.54307485
1132,P00523,509654708.1797623
1133,P07874,581998063.6434578
1134,P09907,493848070.28948224
1135,P05273,509910012.09391236
1136,P08515,535752113.93683183
1137,P04996,602216032.7048957
1138,P04155,421656709.13564444
1139,P09535,463896775.5648815
1140,P07983,455257854.5863081
1141,P07289,407131976.9398281
1142,P02058,537014535.3953352
1143,P08222,525690989.87573576
1144,P00923,588711159.7709371
1145,P09081,474072875.3176764
1146,P04495,397503874.80285496
1147,P04133,440787744.7657291
1148,P08946,418773244.1170733
1149,P06224,446941516.7705846
1150,P04469,406758245.71102476
1151,P01839,530814919.5596259
1152,P01436,478493383.52898836
1153,P04224,390047548.92364466
1154,P04313,480104171.0940316
1155,P00208,380694761.02220803
1156,P04491,510701575.4137435
1157,P09160,564382902.119518
1158,P04937,451217754.8618369
1159,P08542,482757636.0345598
1160,P01040,378411416.85012233
1161,P00206,428134827.1907455
1162,P01945,450846469.05251485
1163,P07148,486499291.7536486
1164,P04097,427783905.9769465
1165,P03434,538959501.185623
1166,P00437,483702731.9507595
1167,P06956,412330311.82890934
1168,P05376,511864373.2362504
1169,P02731,455128100.4198546
1170,P07895,494487751.9478313
1171,P03804,390495957.3733244
1172,P05220,546027359.9031878
1173,P08555,421376630.16253954
1174,P03209,504863301.97296834
1175,P01819,549687064.0953652
1176,P07646,491935787.24266636
1177,P00344,432545297.95396817
1178,P04587,523502906.21732825
1179,P09753,460643486.47776103
1180,P08425,457350892.8113356
1181,P05084,436571032.24401087
1182,P03563,401952587.2666552
1183,P01594,435269876.36359054
1184,P02339,518561854.53751105
1185,P05555,435491681.6188378
1186,P04721,405607843.82904327
1187,P04093,447262680.2840032
1188,P08089,511737048.42442715
1189,P09378,435691429.43042326
1190,P07421,473517063.3533234
1191,P01759,433593982.95722705
1192,P07167,450201471.1204949
1193,P08437,407396201.34534234
1194,P04886,465900290.12555534
1195,P01479,419974110.76910055
1196,P02773,549795156.9407363
1197,P08470,459911621.1074878
1198,P02635,524936015.58831143
1199,P07872,573962888.4775215
1200,P03756,477008878.20988923
1201,P09216,393651272.97296804
1202,P05141,435222578.0015483
1203,P01509,534878587.27451736
1204,P09721,551059867.0434005
1205,P06471,502832870.3256578
1206,P07114,498462312.0228929
1207,P07201,417772668.5609475
1208,P07279,542387675.7707037
1209,P03204,663639925.7687734
1210,P08892,423826054.9454793
1211,P02337,535977141.08886313
1212,P02354,580145775.9636743
1213,P05088,437520128.44898003
1214,P04908,417392580.1668465
1215,P07238,546430223.3393316
1216,P04781,424557655.0748398
1217,P05692,488390286.73133385
1218,P05453,452286744.37678057
1219,P05143,452196008.00858897
1220,P07168,569940767.5456161
1221,P09853,587700758.2179444
1222,P08595,589055838.6540455
1223,P05012,545918707.1533089
1224,P00439,493352299.6521074
1225,P09120,535644384.5547247
1226,P03886,570133650.9320681
1227,P02535,501757878.78922105
1228,P00265,540055962.586829
1229,P07202,547200497.2727677
1230,P05788,457286970.6535804
1231,P04560,452601413.11368865
1232,P09735,543232127.4576056
1233,P02017,547237522.3198255
1234,P08556,453775766.7585994
1235,P07464,521360217.4768423
1236,P01730,502311674.26035154
1237,P06056,522624439.3653442
1238,P02569,500055677.246713
1239,P02742,463225270.2667813
1240,P03291,666132463.4955885
1241,P05070,490688808.0886071
1242,P05397,465444955.98962593
1243,P06672,555967108.1057007
1244,P09063,509216244.37523735
1245,P03478,476181909.3150222
1246,P01872,566905652.8216865
1247,P05603,502383240.06893355
1248,P03466,666217915.4854785
1249,P05441,417455460.548861
1250,P08898,500401730.0568435
1251,P03245,453088500.4818329
1252,P02998,497339226.27366793
1253,P04449,622249695.7556423
1254,P03862,387050780.79659224
1255,P02804,422622592.0028311
1256,P07671,440840669.6154658
1257,P00117,558453983.6149291
1258,P01553,452308107.9544895
1259,P00447,409817315.7112476
1260,P06178,500222026.0576507
1261,P03984,470273024.80500895
1262,P04693,400704873.3350811
1263,P00060,585457973.346586
1264,P05115,554409229.4054899
1265,P00083,494817408.60093933
1266,P08198,441615505.33888364
1267,P05593,450498558.9605235
1268,P04261,541049226.8574314
1269,P09233,529974018.02530754
1270,P00273,476002909.54905367
1271,P08100,619084455.3115511
1272,P05204,540238734.0957805
1273,P03227,350742055.0130421
1274,P07378,510109362.3239899
1275,P06105,584599621.9337862
1276,P08922,554239373.2794926
1277,P00503,451802259.72233474
1278,P07943,434068815.2519665
1279,P08807,554928440.9355333
1280,P06960,491271198.8598191
1281,P07964,610265996.5973288
1282,P01877,426631207.15456617
1283,P07498,455442191.55274516
1284,P00950,433995265.88587844
1285,P02037,437681979.5549818
1286,P02967,489715124.07176363
1287,P02707,404956701.424942
1288,P04395,555497748.7758564
1289,P07215,604350944.5018942
1290,P05901,531185064.4328304
1291,P02962,555482887.6878492
1292,P09674,556467823.4474428
1293,P01273,479419385.113561
1294,P06882,614448365.1251054
1295,P03965,544569519.763602
1296,P09171,472332761.35984063
1297,P03192,376797606.3594507
1298,P05892,568364347.4936635
1299,P00287,452072207.8551646
1300,P07008,473008665.18280846
1301,P08605,426969324.10272086
1302,P03692,462093846.6718025
1303,P07403,486279218.7065572
1304,P03515,441614380.9805103
1305,P06680,551655957.2829788
1306,P02182,364480847.4382971
1307,P06408,525289573.39878374
1308,P00536,540931358.7755586
1309,P06357,408847169.4983197
1310,P08276,537830029.6698447
1311,P03412,578908603.5415778
1312,P03488,560224882.2608035
1313,P03320,528175353.2634331
1314,P08043,437442058.65318435
1315,P08239,459731456.4841869
1316,P02211,510852331.13007534
1317,P00116,385470215.7259219
1318,P02342,517321222.60459965
1319,P04287,473892492.2351988
1320,P00173,450885501.2435401
1321,P03475,456832899.30517066
1322,P05235,432232541.48133737
1323,P00543,482664790.1647601
1324,P00862,555327418.751675
1325,P00415,488717431.024585
1326,P06233,364969128.98052186
1327,P08067,492084466.64440835
1328,P02978,437360828.68950206
1329,P06428,494997981.02015066
1330,P00527,435190113.3570778
1331,P04738,528639768.5282276
1332,P08678,478949691.3959537
1333,P07665,509535682.0426612
1334,P01811,357172765.4937857
1335,P07791,468984953.3530326
1336,P00926,492378929.6403332
1337,P07298,404378199.2055347
1338,P00613,492524906.1697186
1339,P00804,415511509.34785295
1340,P01664,425561832.0207802
1341,P00875,489169437.8630317
1342,P07977,572457162.7935807
1343,P08684,516832667.5725311
1344,P05628,558252143.8608476
1345,P06503,527758500.8967953
1346,P06618,568812805.9183525
1347,P05831,462420174.8926987
1348,P03735,542959930.6520772
1349,P05393,428778845.75085175
1350,P08725,526247943.6684355
1351,P08986,439300563.6922296
1352,P05732,540009870.8047649
1353,P07106,468781085.35192263
1354,P04966,394944379.3308846
1355,P06032,490852353.21533555
1356,P03169,556443568.4565713
1357,P01010,406429889.6710955
1358,P04731,543445313.2115405
1359,P05931,604439248.068154
1360,P00080,609325699.6163844
1361,P01233,546514684.9881879
1362,P05758,548181634.4798383
1363,P04623,445088781.14055794
1364,P02780,529705266.8494323
1365,P07944,483365907.43895197
1366,P07763,602969271.0738318
1367,P04940,484678169.5016009
1368,P06282,602200250.7736956
1369,P01075,539875809.4636694
1370,P05871,652662718.243165
1371,P07329,465819081.47401845
1372,P05001,439893735.5261582
1373,P10022,525204862.289717
1374,P06523,513677295.2667654
1375,P03300,483135206.8009077
1376,P08870,509097605.1698437
1377,P10004,522174007.8986311
1378,P03535,548940435.9668752
1379,P07719,441245788.3797022
1380,P08302,574253971.0228972
1381,P02301,418240633.90744734
1382,P00866,503626172.29230136
1383,P08978,469581051.6747271
1384,P09913,499242948.07086384
1385,P00698,466071677.1459712
1386,P00681,459718106.849161
1387,P06060,532259607.9622537
1388,P02859,426793978.9074189
1389,P08762,510902531.89011526
1390,P07733,572088267.8903128
1391,P05681,491454350.5815478
1392,P04094,530603630.66671616
1393,P06480,516884942.49014765
1394,P06442,517582239.3839426
1395,P05811,385537385.6477762
1396,P04049,474118683.96938115
1397,P01003,491725815.1087641
1398,P08850,436301235.28846246
1399,P01338,461130630.3004691
1400,P06701,530978144.4608685
1401,P07076,507695892.50688833
1402,P06619,530465163.897912
1403,P09518,468233396.8542329
1404,P01899,559645860.6800039
1405,P00369,548748020.3149687
1406,P04747,426650703.44094574
1407,P08920,502000194.7991654
1408,P03097,536058696.7121535
1409,P07288,525066091.0069114
1410,P09209,414672642.41659075
1411,P04757,444400583.4855501
1412,P03907,385278488.25952035
1413,P04150,472873187.61138964
1414,P04581,602024284.5402483
1415,P09801,491205243.22759616
1416,P06725,390344264.75774646
1417,P06575,480766384.2057881
1418,P04359,451431739.1644161
1419,P02256,462226651.13624245
1420,P06927,536579619.11208147
1421,P08233,457980226.44867617
1422,P00991,410332285.08793426
1423,P06872,472296443.1305542
1424,P03894,518487488.15620565
1425,P04174,535684117.61580306
1426,P03045,472777860.6404177
1427,P02375,524839033.8607026
1428,P06402,490704090.61162764
1429,P05998,581356435.2120682
1430,P06743,591379325.0709468
1431,P04255,415599119.86236906
1432,P09341,480180887.7862663
1433,P03214,486558532.9617455
1434,P06425,411142040.23919374
1435,P01245,449477724.1221496
1436,P08200,602807375.771208
1437,P08833,461475466.53659743
1438,P00761,534145579.8632296
1439,P00406,475473342.2450727
1440,P02036,403812609.0092378
1441,P07043,549593100.8450803
1442,P04404,448578769.7480854
1443,P06190,393201116.71712786
1444,P08366,439423446.53639835
1445,P08404,498756867.48738474
1446,P01830,425531273.51536536
1447,P00933,553635601.7020009
1448,P01717,449584032.48455626
1449,P08680,509879838.06870437
1450,P07549,575533472.06163
1451,P02510,473837008.6865699
1452,P03134,401339383.0554008
1453,P07843,491959961.1275742
1454,P01134,432594354.6642651
1455,P04308,447876097.58373255
1456,P08087,572861355.2100934
1457,P03518,436965138.7781654
1458,P09410,594508188.2142982
1459,P05816,427354664.28879476
1460,P06778,630017540.9454951
1461,P08346,481805217.0100946
1462,P08397,427381591.6050368
1463,P07486,514056260.91256833
1464,P09848,542988149.2650545
1465,P02150,404033862.0467316
1466,P04461,476622153.7518375
1467,P06074,487957374.04756045
1468,P09844,493898624.12368375
1469,P08741,497854648.09105116
1470,P01079,381382911.54234093
1471,P04787,497711149.55097526
1472,P00772,491967899.5494551
1473,P09306,442568821.4170205
1474,P03131,395676913.2256334
1475,P05294,577431151.2802135
1476,P04381,601894017.0697925
1477,P06430,468097033.31691325
1478,P02625,357728283.35873985
1479,P01562,637461061.8251693
1480,P08637,497986634.5606536
1481,P09062,426041811.4472904
1482,P05889,401488734.6444352
1483,P06397,415709006.57159376
1484,P06607,517303491.98403496
1485,P02509,414163500.1310255
1486,P08594,610607425.1263897
1487,P04337,359992847.28626555
1488,P00795,448292182.4926013
1489,P02923,406307765.0246454
1490,P09082,414765332.12971157
1491,P03826,484325854.7903928
1492,P09002,651098593.6914504
1493,P06451,437457513.32292235
1494,P09236,395129319.8669794
1495,P08758,426580489.6788017
1496,P09695,568650789.2792263
1497,P03079,481950170.9926696
1498,P03624,377389546.7395198
1499,P03859,376269925.7826342
1500,P08675,473518956.99790865
1501,P08549,345473396.12700784
1502,P01581,556941418.0956899
1503,P06563,462383234.8337654
1504,P04368,457377749.9834412
1505,P07757,608195510.5775137
1506,P09071,507693184.1287228
1507,P02639,458908953.3146944
1508,P04282,439899542.6844949
1509,P09428,451105640.5545884
1510,P09682,471376804.02375966
1511,P03100,422106461.4636518
1512,P01136,458642551.16394633
1513,P02427,411444442.9108433
1514,P01996,423000829.21429336
1515,P07482,490996924.02937317
1516,P09630,489934508.07909685
1517,P05324,351123840.98095024
1518,P08847,532516512.54737175
1519,P05643,451603269.11513555
1520,P09184,468799148.2035822
1521,P02318,512739944.7045711
1522,P00737,480984256.6886068
1523,P07146,490781241.52161604
1524,P07326,574179430.0987024
1525,P01199,460727633.1058156
1526,P08365,579080413.1167374
1527,P09749,589154011.8212028
1528,P00094,551343195.9634956
1529,P08750,483918478.56990397
1530,P03467,516611870.1698644
1531,P09022,427844967.73789865
1532,P06580,599145611.4596152
1533,P01138,609069622.1456709
1534,P08525,496213849.8186513
1535,P02837,484115000.91644305
1536,P03321,519114106.7854423
1537,P08491,487671755.43283975
1538,P04231,438305718.9603678
1539,P08498,433169215.0389718
1540,P07710,520212422.2621647
1541,P03856,431245221.346459
1542,P09797,523029737.0808903
1543,P04511,546946727.9327594
1544,P05527,433614200.0011679
1545,P00457,498979397.029351
1546,P01262,464193478.0166434
1547,P09072,448660358.13055915
1548,P00065,517684738.55404717
1549,P06658,539335108.4209533
1550,P02700,498376887.3657671
1551,P09789,606038789.662919
1552,P03398,530032103.3830379
1553,P06823,564809042.8724569
1554,P03155,534344673.65682065
1555,P01414,446497883.29150295
1556,P03667,467153351.5026093
1557,P02566,522362261.7464686
1558,P03799,465762195.998926
1559,P04876,507981568.00171864
1560,P05588,449666820.24699837
1561,P01271,456767798.7208143
1562,P00496,542504179.9990562
1563,P07470,479998274.9943756
1564,P01977,652979617.3650663
1565,P02199,409613763.73143476
1566,P00588,495529138.61002505
1567,P02059,539615087.6046535
1568,P01169,452896999.7230052
1569,P07610,415862990.3296329
1570,P04960,428814106.68731964
1571,P08074,447855401.9470552
1572,P09988,503823714.8864156
1573,P04918,450361340.7907325
1574,P06023,394890611.13912094
1575,P05019,463439661.22178984
1576,P06765,499423607.9662854
1577,P04116,483609248.0439884
1578,P06702,632960077.0052158
1579,P02358,485779127.92303765
1580,P01130,421884908.7265049
1581,P02592,466056574.52520734
1582,P05062,483615546.1606558
1583,P05574,435042469.58174706
1584,P07220,497895344.43102527
1585,P00581,424815542.098968
1586,P07059,396218687.489539
1587,P06468,518097826.463474
1588,P01556,518153644.4371931
1589,P02282,527018282.38790905
1590,P08871,444855721.22078204
1591,P04669,438979214.91231656
1592,P07045,426492164.32846546
1593,P07064,641353845.3160503
1594,P07584,529426595.017086
1595,P01494,507175838.02461123
1596,P04687,491036733.65372145
1597,P01740,426012326.3061032
1598,P10030,536580678.8808259
1599,P09421,404723814.0188497
1600,P07115,468037112.00923127
1601,P08172,510527667.2169253
1602,P04848,452048063.916173
1603,P04945,423265739.4667318
1604,P08379,501755064.52822185
1605,P04780,354565070.0902051
1606,P03824,502059707.9346987
1607,P07832,497390117.722837
1608,P00155,435292667.337825
1609,P01677,464467811.4415237
1610,P09895,570650524.8572395
1611,P08022,515695083.6372652
1612,P02697,545764837.6303182
1613,P01144,601186658.6970166
1614,P08687,559448660.3495393
1615,P05878,412295768.58596146
1616,P04309,472768174.1810653
1617,P09938,572785175.155265
1618,P02042,508572998.7477913
1619,P03215,537410437.5720731
1620,P00736,560651983.3842577
1621,P00198,524187301.122492
1622,P05911,576778046.4154671
1623,P01197,463619653.8737455
1624,P03268,551074462.6178615
1625,P02812,534769049.7352666
1626,P02446,470363562.8471026
1627,P07276,525484977.01209843
1628,P03801,393773309.29971105
1629,P08046,579915316.7275981
1630,P08671,451517291.23982644
1631,P09873,494704439.31286776
1632,P09954,540664580.7727286
1633,P09006,583741524.9410386
1634,P08704,551193484.5923666
1635,P04905,577549433.8661187
1636,P03306,513895571.39141476
1637,P06372,562649609.2517613
1638,P01441,459751558.2335221
1639,P04964,521304231.2310981
1640,P00999,552433290.8551174
1641,P09227,592529080.8753551
1642,P09820,503929630.2277899
1643,P09118,555732549.4303966
1644,P05368,499576560.0640154
1645,P02122,718923887.7369472
1646,P07918,505963348.5745514
1647,P04162,539163725.5840036
1648,P05361,393708349.05417144
1649,P06284,482855779.8143508
1650,P02214,534519409.2079859
1651,P09155,644739855.0719318
1652,P03677,547816868.7358544
1653,P07476,448120676.909973
1654,P01731,495933535.27506053
1655,P07305,445003469.1427764
1656,P03832,531603244.66877234
1657,P02213,593417690.7670112
1658,P04635,534501266.835325
1659,P07702,435803133.80161303
1660,P04659,432984623.78963166
1661,P01211,528238921.19190764
1662,P04990,601086263.2069355
1663,P08721,461971648.4422396
1664,P08484,506164461.05266017
1665,P05016,604326846.8232478
1666,P02474,583965409.5391911
1667,P06371,515385617.1327371
1668,P03280,488178043.77887714
1669,P05026,449725946.4743008
1670,P07426,494535298.7154005
1671,P04408,581247637.9855537
1672,P03354,593328780.8543229
1673,P01894,541435371.9768808
1674,P02333,435169867.37323916
1675,P07799,612437318.1219593
1676,P07154,426352784.79145557
1677,P02400,609629425.6219091
1678,P06162,475837748.61761045
1679,P00309,479182187.77396256
1680,P04969,391080239.8862577
1681,P07230,584599578.3863182
1682,P01289,530479286.93878996
1683,P09865,506672840.02097565
1684,P02430,513494498.43811363
1685,P06868,510863318.82777786
1686,P08654,489206565.618747
1687,P06566,441370807.0995527
1688,P07715,431307529.6134705
1689,P02250,496595131.40396345
1690,P08124,525881337.9809981
1691,P09857,473647346.70633787
1692,P01366,490440386.75856197
1693,P09181,624902944.8467236
1694,P08627,508142738.0139272
1695,P01204,503788947.96705025
1696,P07240,485302523.0211085
1697,P02415,413387217.15175724
1698,P06520,455108075.52385694
1699,P03740,346654504.04924613
1700,P06731,437457057.07658714
1701,P03863,411592546.91837656
1702,P00690,609803215.9787934
1703,P07223,494713878.7033882
1704,P03212,438889394.538152
1705,P03952,470293767.4472622
1706,P03035,434206160.8996099
1707,P08453,409117086.0454003
1708,P04143,567844461.2882379
1709,P03456,578923408.6838267
1710,P06420,460108043.0708576
1711,P00676,481627921.800299
1712,P01611,432839515.3306184
1713,P07700,658808676.8346503
1714,P05678,587823966.9753544
1715,P03313,521217977.08521575
1716,P08900,503963479.0432791
1717,P09795,560378545.378605
1718,P00424,465961768.41638243
1719,P09232,469401327.76515955
1720,P01229,520617693.38336575
1721,P05061,562095419.6962316
1722,P00689,449093455.5016819
1723,P09150,473065723.6290491
1724,P03744,555191636.6240494
1725,P03697,538399244.225639
1726,P02226,571156314.9317751
1727,P04289,360520820.1835957
1728,P09693,475319385.4842527
1729,P02329,529764726.2306209
1730,P02281,503148609.06728077
1731,P00752,593402180.8325881
1732,P06885,536409024.2788988
1733,P01980,411903192.87476605
1734,P02414,607625385.3473941
1735,P01292,529716309.03275347
1736,P07559,481267113.4599159
1737,P05881,428123826.30696803
1738,P02782,466644202.0450762
1739,P05585,378207970.75864077
1740,P03971,595630533.2865863
1741,P04184,471944852.0628564
1742,P09637,472035254.2280225
1743,P00258,550699436.8433603
1744,P09480,542757017.4414469
1745,P09465,463198016.00960255
1746,P08446,496898266.4406053
1747,P04210,529555143.57056266
1748,P09346,492762939.3566467
1749,P00379,457913682.5933318
1750,P04546,482756657.31838495
1751,P00556,480819121.69414365
1752,P00797,598880279.3963019
1753,P01841,640965260.6506778
1754,P06584,562849059.3993484
1755,P08021,656187241.5177565
1756,P06710,479148483.9720751
1757,P09525,482576712.83161956
1758,P09097,500982317.5254518
1759,P09605,552234781.6871929
1760,P02035,387402341.0697541
1761,P03309,584545681.7764386
1762,P08139,474225868.54296654
1763,P01263,419529820.2495629
1764,P07981,450104171.09450257
1765,P08936,440216429.4540703
1766,P01453,532036868.8201191
1767,P04696,459062523.4078673
1768,P09310,487312323.0579337
1769,P06055,396667018.58587873
1770,P02444,403876896.1293617
1771,P05036,540432663.7102791
1772,P02847,537643866.7817694
1773,P05539,469727618.7676032
1774,P04301,559968900.6082624
1775,P04453,607789886.2534604
1776,P01001,469668038.53997004
1777,P09811,476588695.56671023
1778,P03218,449349942.4949962
1779,P09614,491565248.74283767
1780,P09254,526744723.7905369
1781,P03962,634725867.5659385
1782,P01269,464944566.0443629
1783,P08324,497223008.0696048
1784,P00519,504693946.26941663
1785,P05092,494137853.4531175
1786,P01591,523601606.33966786
1787,P02063,407791621.5474079
1788,P06918,457075827.9294429
1789,P04373,577474264.0660362
1790,P04540,479877766.7067353
1791,P01252,469633354.7896637
1792,P06490,432617565.7147766
1793,P05785,497469029.18141276
1794,P09989,593078242.6997057
1795,P07718,531738307.24338526
1796,P03371,525505647.64737713
1797,P08402,440199926.2089282
1798,P00648,549242982.0447062
1799,P00181,437251819.5925084
1800,P04372,573248801.7275482
1801,P07160,525191568.683146
1802,P06863,516204408.98006225
1803,P00684,494133606.93666905
1804,P06134,454710952.4778358
1805,P08935,585770283.6330211
1806,P02869,425804978.48415273
1807,P05482,474205566.84462565
1808,P02939,535679073.3781116
1809,P04796,441553912.67965597
1810,P02200,634570250.6961237
1811,P04394,392412029.90886873
1812,P01890,510449959.10498077
1813,P04601,491925712.9972638
1814,P08489,482646844.97108275
1815,P07712,520525163.28513336
1816,P06697,609383888.6006565
1817,P07017,579419544.0826502
1818,P03082,419803705.9092585
1819,P07018,415909910.4460256
1820,P07394,384306364.7535643
1821,P09688,548312822.4632571
1822,P08187,516011966.1592163
1823,P04284,371250183.7948495
1824,P04152,403267404.5609794
1825,P06281,498831814.33136946
1826,P01805,406151590.69205123
1827,P06286,438547057.25877845
1828,P03241,476122890.93465483
1829,P06839,486991177.07910347
1830,P10025,502106280.9626668
1831,P04889,614413093.3736748
1832,P08213,644183146.6175188
1833,P04351,505952292.2293069
1834,P00798,613381468.740117
1835,P08423,529152093.72888887
1836,P00885,541306371.2314286
1837,P02049,448295686.9424598
1838,P09286,446910905.91798997
1839,P08668,564137060.3663585
1840,P02525,506095714.7825983
1841,P02975,550803633.7103165
1842,P04545,485348574.57947874
1843,P02346,428496233.643155
1844,P09850,533826476.31395704
1845,P01531,410897030.0141286
1846,P03285,427117780.68928623
1847,P09669,550824026.1517962
1848,P05075,412348957.34839964
1849,P01828,435207483.58408153
1850,P09219,496294503.45954764
1851,P03106,459425193.8170308
1852,P06014,584153756.6964569
1853,P03616,491038820.4796265
1854,P07837,504104066.42750216
1855,P08157,462314700.5216956
1856,P08092,458375661.09766525
1857,P04165,501230805.290559
1858,P07743,569245584.2822118
1859,P02681,586610690.9240812
1860,P05206,531997963.2839583
1861,P02032,423222207.4350795
1862,P06819,545487834.8851707
1863,P00323,582307163.6846411
1864,P01858,486107153.58294696
1865,P07001,592887961.1169688
1866,P02924,496813390.2225067
1867,P07738,530030803.5829377
1868,P08886,493745050.270117
1869,P05863,424475855.1401829
1870,P03872,487812786.8439819
1871,P09499,459521060.76060164
1872,P00090,433175526.2405907
1873,P04828,462604397.30664235
1874,P08064,504031358.41999096
1875,P04989,632937740.284029
1876,P09053,523884521.36284906
1877,P05487,483979244.5670478
1878,P05116,396307307.5138655
1879,P03865,478011439.16660666
1880,P07675,499345201.30570793
1881,P06087,470964211.4323839
1882,P08914,517984544.50521946
1883,P06352,536780987.17218804
1884,P05188,427848439.9110737
1885,P07517,516565468.9352148
1886,P02563,417246203.65698826
1887,P04365,432979616.35424453
1888,P03427,500518447.12403643
1889,P00053,535335769.6959979
1890,P02407,402155500.9126469
1891,P09278,555367023.5351253
1892,P00819,425071198.16480565
1893,P02699,558187847.1322486
1894,P07315,659595795.0889527
1895,P03798,516541074.13744235
1896,P04858,510310847.20561343
1897,P05398,525627338.0188372
1898,P02732,453916270.31821287
1899,P07628,483627929.13662505
1900,P07796,515437924.0485464
1901,P01698,476901976.2667224
1902,P06322,515780624.8932164
1903,P00682,434651198.3903527
1904,P08483,506251742.56779385
1905,P00907,446261929.50151557
1906,P05457,427233683.75483835
1907,P05090,496632747.3176323
1908,P03120,401880746.14967215
1909,P02154,527880451.4505934
1910,P07896,563964083.4993709
1911,P09277,422902950.2073446
1912,P03444,484604296.67525256
1913,P04947,461135696.6360369
1914,P09792,481999044.2294383
1915,P00594,436384315.57933724
1916,P07296,492052288.3379259
1917,P04822,441054237.69939977
1918,P06151,432678560.2039914
1919,P02574,547189199.0233841
1920,P01962,601414269.8560643
1921,P00734,503235489.7853737
1922,P06456,587255852.0247568
1923,P09317,473858243.4768292
1924,P07087,545883764.4809089
1925,P00533,497900169.188904
1926,P06905,498292044.42182434
1927,P08714,422931709.8772143
1928,P07452,475356720.5642772
1929,P02642,576154308.9730357
1930,P04838,533648455.91081214
1931,P04998,516627299.5872874
1932,P09966,531876020.9593079
1933,P06647,515427068.02856183
1934,P09156,470017122.8016073
1935,P02353,579611458.3627188
1936,P00428,514435895.7067743
1937,P04626,496382454.76269615
1938,P01274,413852381.2675861
1939,P08557,516514911.0115231
1940,P08180,544841771.9995749
1941,P01047,450692003.8083683
1942,P07316,417473565.462099
1943,P00971,568976901.95378
1944,P06497,475855522.7340481
1945,P02963,543368713.2124859
1946,P05716,542042885.7893399
1947,P01224,483452348.3391556
1948,P07785,385605648.9632548
1949,P02578,510490085.6985352
1950,P05583,604448489.8981708
1951,P03419,459971928.9987296
1952,P04396,492609037.71977603
1953,P09548,431528878.4438028
1954,P03482,371934261.3095906
1955,P06124,498563545.94600403
1956,P05411,402120679.65574795
1957,P04392,535844860.89289564
1958,P09025,519287886.6396278
1959,P01871,420517068.30777436
1960,P04161,489008243.9893897
1961,P06111,598537130.8735632
1962,P03948,522992935.6365891
1963,P09900,493887901.8339051
1964,P08280,576570507.3100524
1965,P07149,401797378.3415726
1966,P02981,557657225.8042995
1967,P05458,425427445.62625986
1968,P02835,508481922.2174912
1969,P06366,526203311.2721644
1970,P03750,466140756.0127033
1971,P08828,463971316.34233207
1972,P01532,472843783.7304767
1973,P08495,523942007.0369945
1974,P05071,549301426.4460384
1975,P01515,501405623.5470665
1976,P04214,426875858.54897887
1977,P08661,461585981.1291711
1978,P08073,420105490.49203306
1979,P07965,549542424.2223113
1980,P06258,511058780.4323907
1981,P03176,529112413.25939155
1982,P01486,492356652.577246
1983,P06421,505776193.1736083
1984,P02467,465276169.3188576
1985,P09880,539343689.9631071
1986,P08551,429052900.01156145
1987,P04576,446778199.0975674
1988,P04220,444978554.7527469
1989,P02456,430629252.9678262
1990,P08036,465745252.2758435
1991,P08910,615169175.0088851
1992,P07186,526400775.3724914
1993,P07604,547794271.2362536
1994,P03935,561613981.8053633
1995,P08029,413619396.03217715
1996,P05677,545522225.581295
1997,P03437,475463526.5055624
1998,P08631,586431912.0138828
1999,P03945,376034442.40631646
2000,P02826,505337441.9577792
2001,P04987,534972652.2512611
2002,P06510,447427367.9175384
2003,P00686,489084134.3138759
2004,P02161,427060680.99534017
2005,P08416,427091855.1729292
2006,P00381,455679782.25258374
2007,P08789,621790645.798074
2008,P08106,480069267.329298
2009,P07328,427694013.7464829
2010,P08341,395768834.3183161
2011,P01882,530302787.7833121
2012,P07465,496873844.1599984
2013,P07398,531405151.29441965
2014,P08097,507191641.1460554
2015,P01917,517318120.43877184
2016,P02889,579118649.9351915
2017,P08846,555542723.9634618
2018,P05148,495140161.5798657
2019,P08538,471122257.0219138
2020,P00788,449555389.686085
2021,P02173,648560164.555361
2022,P08242,515142072.2966929
2023,P01823,499595724.1547377
2024,P00222,536883156.4327474
2025,P02038,531409149.11041826
2026,P02612,483373774.32757413
2027,P08372,459094146.11129516
2028,P09326,523235124.2632252
2029,P09562,480379704.91453016
2030,P00876,447989162.781112
2031,P05731,653771222.2560976
2032,P04111,520535800.5046624
2033,P04527,478184105.1806581
2034,P09430,425697468.8479881
2035,P04667,686224229.392361
2036,P02870,634297853.8361288
2037,P09496,545731026.8618374
2038,P05664,523707128.7105778
2039,P09282,496825114.2571614
2040,P02260,497238020.7266562
2041,P04508,582638533.7775683
2042,P06802,481425904.057781
2043,P04380,439910096.8865316
2044,P07227,583902242.2287961
2045,P03341,438733527.7311065
2046,P00131,504533741.8357939
2047,P00576,493909385.27121675
2048,P07166,568667916.2267824
2049,P06251,555351130.1342196
2050,P06237,533672362.2203178
2051,P01514,486058435.354562
2052,P04007,472593697.65862113
2053,P06923,430000019.90037006
2054,P06633,461835321.83750975
2055,P09927,533830816.7950357
2056,P00997,426433272.73597425
2057,P07393,538744809.6401112
2058,P01587,484071388.4853583
2059,P07244,470496257.51479876
2060,P09172,646192898.7023017
2061,P08944,527312163.0022942
2062,P06147,547900697.7667186
2063,P07095,479144609.6278405
2064,P01019,606816977.5177954
2065,P03439,429296460.14591134
2066,P01612,436678649.07538825
2067,P06906,598912467.05574
2068,P08532,426542501.81182396
2069,P07438,478336989.47409177
2070,P08759,451347277.09416765
2071,P07920,392874662.4537918
2072,P07766,494738723.1421722
2073,P04487,592107344.223106
2074,P08719,511699833.7152248
2075,P01050,566956855.3253651
2076,P08834,467453820.2358627
2077,P01117,583516929.1918383
2078,P06383,363063245.25023454
2079,P08791,477592339.45200914
2080,P03327,473393112.6364048
2081,P08744,651350646.33981
2082,P06197,444908286.28028446
2083,P10006,531819768.9870935
2084,P09926,507442793.69227844
2085,P01884,433442718.0916055
2086,P02777,465440278.9729409
2087,P07670,466553623.3759623
2088,P08093,409414286.1261099
2089,P00337,486234750.1516607
2090,P08727,499967914.2806711
2091,P02046,462785883.95181906
2092,P01930,510861539.2357356
2093,P09089,431780009.1038579
2094,P04003,412090333.7940432
2095,P00307,492410353.6149948
2096,P08432,531054607.628392
2097,P04912,422521868.54207826
2098,P07728,563173385.6936367
2099,P01784,461463954.0467
2100,P03567,575081301.6931807
2101,P09849,549216532.9005052
2102,P05587,520168849.5945337
2103,P03707,434009123.18542254
2104,P00291,397152445.6977481
2105,P03307,368680213.37520075
2106,P01702,534925915.42139786
2107,P02803,500759924.436446
2108,P08652,426500847.934988
2109,P06443,428771210.4680759
2110,P03910,498703009.1527231
2111,P06787,556661307.6799229
2112,P02405,533621118.5203019
2113,P06112,541748620.829456
2114,P08694,441053045.03072685
2115,P05138,514881212.7833672
2116,P06405,505555328.237995
2117,P00236,477177569.32913816
2118,P09253,420262528.91667336
2119,P08882,488287019.3190187
2120,P08424,579884138.3625779
2121,P08592,555088845.5440346
2122,P08212,471139906.9946762
2123,P01563,445514698.8721611
2124,P07821,537300337.7284783
2125,P02305,477657349.7043686
2126,P06679,527365811.0883982
2127,P07927,402285584.057263
2128,P03010,480904882.1988548
2129,P02107,433604734.541559
2130,P05388,523656551.6357353
2131,P03188,481624567.4303477
2132,P08112,378672567.5004752
2133,P07083,531287366.0369504
2134,P08629,531130100.22397786
2135,P02999,479305125.3634316
2136,P01396,426562361.94925576
2137,P02668,548653028.5571195
2138,P05694,472597539.43738115
2139,P03974,437951166.09622765
2140,P08041,520364872.3159131
2141,P02526,508405828.85614055
2142,P01434,475991623.8533286
2143,P01733,419656714.7989085
2144,P03961,490042526.2487334
2145,P08196,537805926.7709886
2146,P01765,534733047.7884122
2147,P02098,451821127.11756164
2148,P07761,445023171.4831946
2149,P09796,482464735.71524924
2150,P03600,447923200.3888821
2151,P02071,489533883.03050053
2152,P03919,421844053.52997035
2153,P10009,479532663.35496145
2154,P06377,492171157.3357616
2155,P09335,445190635.73033017
2156,P02539,473815547.82643735
2157,P06137,601453457.245894
2158,P04419,519097123.9498168
2159,P07006,547029057.3987889
2160,P00129,477408784.3848362
2161,P07126,449450289.4033222
2162,P09731,500339194.1724943
2163,P00769,415091768.1039452
2164,P04457,514912395.6921844
2165,P09217,557154924.5039731
2166,P09645,448536816.7932962
2167,P04154,540162177.4348636
2168,P00872,496995960.7428765
2169,P08928,546144073.6218115
2170,P03933,406100563.3981859
2171,P06737,473366823.46726847
2172,P01595,436543984.3994312
2173,P05921,457012437.7502637
2174,P03649,549219818.0863717
2175,P05448,470588759.7233888
2176,P03179,450795984.6042865
2177,P02383,410231917.7798351
2178,P09463,529608076.9642187
2179,P09705,481531944.3074183
2180,P00513,424799820.18360656
2181,P08965,471160035.8640764
2182,P04655,450138261.66224146
2183,P00947,520632766.41383797
2184,P03537,467848698.72427446
2185,P09471,444359845.11565936
2186,P06963,487414342.2009175
2187,P03410,540763733.1219529
2188,P01438,576966593.5787205
2189,P01355,472001114.8188205
2190,P02601,424387064.57173175
2191,P03325,535392774.6950212
2192,P02422,498219150.73370355
2193,P07300,446186809.033467
2194,P03523,410509701.0657606
2195,P01277,441851847.2727316
2196,P01180,427468341.033645
2197,P04585,406274417.8200809
2198,P09495,525165832.4100578
2199,P08008,540329259.2764102
2200,P05799,422575668.4238963
2201,P00111,434317426.287238
2202,P05382,595798445.3447603
2203,P09486,520513165.1819051
2204,P00157,396891283.8494276
2205,P01577,467133954.89235896
2206,P06436,449726925.93321896
2207,P09561,458757072.07473063
2208,P00905,398594688.8238956
2209,P08072,445665263.9691561
2210,P09079,574616825.8411794
2211,P04196,442622172.705805
2212,P04825,501231089.68055296
2213,P03741,582938694.2110766
2214,P09626,540590206.9206867
2215,P00559,442649300.11104625
2216,P08216,542580142.5150365
2217,P08007,559541892.2720565
2218,P02074,444798253.27721167
2219,P04616,442095048.34471977
2220,P08066,407858491.0177215
2221,P05421,470896488.794225
2222,P05428,510357630.14825314
2223,P08068,556299091.554388
2224,P01035,451931337.37032115
2225,P06995,508726923.4990335
2226,P04573,394569616.1897572
2227,P06546,436261017.4023048
2228,P00837,483035018.3193567
2229,P04176,575960342.7456293
2230,P03618,412484233.31827104
2231,P05615,493450531.51614964
2232,P09546,517824761.9110187
2233,P03814,538158274.332944
2234,P06775,568603290.8769288
2235,P03802,483453157.91974264
2236,P02408,525817689.42906123
2237,P07749,585009183.8207281
2238,P06567,515109398.21067613
2239,P01364,454633757.0696065
2240,P00055,552918843.797921
2241,P01004,478513998.5394273
2242,P00931,577390507.7464368
2243,P07691,503031831.16600513
2244,P01924,570498620.2276636
2245,P05256,562595064.2157074
2246,P02384,525985500.3842477
2247,P06283,581831453.2495252
2248,P02756,549525937.8189646
2249,P09582,545491956.8077736
2250,P00121,531046512.7097392
2251,P05925,549553315.5364805
2252,P06465,452524941.15959716
2253,P01955,501031121.13545823
2254,P02522,490389346.39548504
2255,P07187,531102572.0495535
2256,P09302,499916846.59856915
2257,P05538,481650677.50232226
2258,P01706,538315628.5814948
2259,P00355,515345935.6997093
2260,P06693,471604639.46123475
2261,P02027,560647233.2461225
2262,P07985,537560257.0780237
2263,P09838,505797004.5985093
2264,P03915,484613966.20704573
2265,P05400,413868605.1241948
2266,P01641,436927747.09033924
2267,P09130,506143690.59740233
2268,P02576,425870118.9673059
2269,P03242,576934204.948854
2270,P02164,487726944.0511045
2271,P04364,574200434.3029026
2272,P07505,588552324.5204871
2273,P00514,425088324.58083373
2274,P02733,490658826.3298463
2275,P03296,477011884.43439907
2276,P08287,478091935.6180767
2277,P04685,430033700.0551654
2278,P02970,581357159.5237389
2279,P03900,611994823.319145
2280,P00995,488549092.4952727
2281,P08291,408651933.68560755
2282,P07322,478207785.08474463
2283,P09138,630957426.0237345
2284,P03283,557040240.4282072
2285,P09727,529464881.96275324
2286,P05252,573869662.4471964
2287,P08736,485829905.19070554
2288,P04854,417325076.06083703
2289,P09998,629777365.1449226
2290,P04262,475836367.4790629
2291,P07413,444392424.6292262
2292,P01497,588610262.6859523
2293,P06655,380299884.02032447
2294,P04375,383459748.156101
2295,P09343,544929491.7687546
2296,P00843,484500913.777535
2297,P05553,421652207.89997923
2298,P06561,376342422.9273864
2299,P00915,544925986.8237022
2300,P09691,531299164.7924062
2301,P02561,467143332.8657184
2302,P03809,466662905.75982547
2303,P00884,525642465.37688553
2304,P01913,608239010.600041
2305,P02490,418443335.2327387
2306,P03706,543839261.9085805
2307,P08534,436650007.9146295
2308,P04656,418808017.85446715
2309,P03820,573940245.0259265
2310,P00335,485427805.20236075
2311,P08941,445633194.3839703
2312,P06382,659083320.3241861
2313,P04300,453784041.0292842
2314,P02286,565323149.7010455
2315,P01419,435370082.00495994
2316,P05339,456802854.8182275
2317,P02489,586513978.4571881
2318,P05033,574425783.9979391
2319,P08445,609160651.8937211
2320,P03435,368000540.27764976
2321,P01026,414563173.00452167
2322,P08548,562129872.8545657
2323,P01012,572779169.3724277
2324,P05530,518267538.6740489
2325,P02993,457274416.3308913
2326,P09200,476210870.1946196
2327,P07792,441352939.7646561
2328,P05179,455845913.6064002
2329,P04035,462080346.33989793
2330,P08519,459366098.1492513
2331,P06238,540825361.4296637
2332,P07063,584611448.2328224
2333,P02203,594664868.0394062
2334,P00106,518678925.9351
2335,P01620,473161886.7569507
2336,P05195,489310880.3917288
2337,P09479,455609783.8634796
2338,P08505,443524052.4628949
2339,P07705,529036443.39807034
2340,P09934,467692694.7992495
2341,P05212,585424312.6212888
2342,P04778,485816607.67411065
2343,P05166,470828685.4221787
2344,P01483,620874090.9964092
2345,P01503,392816126.91093117
2346,P00620,477783030.5141645
2347,P08376,454992849.92172205
2348,P03426,564340244.6220181
2349,P07557,466357090.0267134
2350,P05879,497365020.63141257
2351,P08266,647402376.0211542
2352,P08999,441765521.76408005
2353,P07674,563150764.6046121
2354,P04322,564386746.7603381
2355,P09468,493104423.46285915
2356,P02665,404064962.2382717
2357,P01916,473207969.5631423
2358,P07957,507611509.8016213
2359,P05159,493822933.29491323
2360,P06437,467126853.3945232
2361,P07021,436753225.52237916
2362,P03022,427752544.67504394
2363,P04480,533376096.3213805
2364,P09115,455222180.3279735
2365,P02930,400600510.1859112
2366,P03657,538625591.4306598
2367,P02593,528946056.5033509
2368,P09476,477527782.89549935
2369,P05434,536080248.0907862
2370,P09748,587421655.6303616
2371,P02258,447604513.0756624
2372,P01421,470606568.9201925
2373,P01167,469481673.8276016
2374,P02783,425972356.40375125
2375,P02645,571516846.7357441
2376,P09145,409046131.18119377
2377,P00191,525527042.6303383
2378,P01665,546439394.9985893
2379,P03036,461526924.2415024
2380,P05065,578786809.377038
2381,P04008,492544303.26992327
2382,P00008,596052413.4994413
2383,P07717,481460693.90654826
2384,P09087,481307553.78672993
2385,P06154,440666552.9763982
2386,P08801,602036630.3468343
2387,P09750,502324370.0780823
2388,P03579,457452893.5492574
2389,P03682,583059124.8833693
2390,P00733,589733495.0163324
2391,P02648,453913053.26722664
2392,P07601,461300546.9739021
2393,P00476,453066725.13187385
2394,P02594,463037761.57487136
2395,P02324,538221405.7899755
2396,P01909,582306663.9801047
2397,P07036,441703186.26919556
2398,P07372,575468821.1522682
2399,P08134,499617329.4302594
2400,P07942,532241169.5244681
2401,P04595,554212554.3547782
2402,P03629,440957640.2533934
2403,P07203,564715597.084312
2404,P07894,504373916.2459897
2405,P06373,472856219.94615
2406,P00719,425143602.6563365
2407,P02928,433890959.2774732
2408,P03430,400686565.9074331
2409,P06409,407281892.75482446
2410,P07130,475821634.5616357
2411,P03464,482261538.3436216
2412,P08225,595673881.2636786
2413,P02081,509264531.05350035
2414,P07673,565239891.7554805
2415,P08862,529200028.36146015
2416,P02559,442635724.16827035
2417,P01378,512731049.6562451
2418,P08938,397910701.2871066
2419,P04995,422748934.10882753
2420,P00624,562710613.6494849
2421,P02053,520688420.174185
2422,P00601,431145229.62912714
2423,P07608,407420968.07560766
2424,P01959,382552516.60632855
2425,P08590,406665694.1747018
2426,P00924,428181988.86751086
2427,P05355,527447487.9574204
2428,P01527,415143580.53710616
2429,P09527,521867236.9825833
2430,P05991,521280966.38121724
2431,P01715,583409308.1481141
2432,P06153,431657835.1052313
2433,P01757,552813022.4758395
2434,P01369,398614879.6322654
2435,P07583,538375255.9289566
2436,P08175,503809166.35150933
2437,P06969,436358608.26269156
2438,P02723,554293329.6320895
2439,P07014,564458641.092113
2440,P01719,427572933.0674457
2441,P00230,601135819.3910129
2442,P08130,379136869.0279561
2443,P07355,528317056.2777876
2444,P08547,554585262.6726842
2445,P04011,526200536.8126971
2446,P04664,417684395.0999158
2447,P06364,622102415.9134525
2448,P06614,548175102.6853029
2449,P08258,493825208.29878086
2450,P01206,547046259.497027
2451,P01023,491811429.50691134
2452,P10013,530784440.13327885
2453,P01400,496487249.59951407
2454,P01287,446802000.9032375
2455,P00353,603433675.5938725
2456,P00886,455311028.7187646
2457,P07284,450193464.2393751
2458,P02462,488366654.5464664
2459,P01489,402062424.86428636
2460,P05531,428890407.49207115
2461,P04761,359748880.7939095
2462,P00303,462186951.8751307
2463,P04578,440255848.39114743
2464,P08980,457233054.12642956
2465,P00609,520995062.1192541
2466,P00596,502023430.21328086
2467,P01259,481505767.6506104
2468,P09754,555257772.2725757
2469,P08301,555196593.1993202
2470,P04592,471631908.46010363
2471,P03531,558124135.8131024
2472,P00120,538816560.251387
2473,P00801,530215584.76966953
2474,P03584,406075609.5522281
2475,P01881,452834850.26989454
2476,P03191,445684169.4940142
2477,P02673,390067596.02910155
2478,P01984,548896248.0709121
2479,P06869,499563277.8465682
2480,P05671,449891199.98195356
2481,P00650,420720476.9375083
2482,P00168,489356388.4869616
2483,P04847,562885749.0946072
2484,P07423,483845937.4400172
2485,P03891,523830850.1416095
2486,P07858,586092783.8572968
2487,P04263,634644331.9158959
2488,P01343,618638161.855542
2489,P04811,428794272.46549505
2490,P04558,424248157.74941605
2491,P03713,522711077.245635
2492,P05475,571420659.8701476
2493,P00644,480721911.1415936
2494,P06598,455671888.0295906
2495,P06739,679104641.6277648
2496,P00728,530892492.57559335
2497,P09481,358206180.1362816
2498,P00172,567813855.4893236
2499,P07531,497127114.4183223
2500,P03986,525129959.37711227
2501,P07648,628184065.4847385
2502,P07190,448875347.5480421
2503,P00243,561124849.5136659
2504,P05789,527425981.89687127
2505,P09893,590815488.2266108
2506,P08698,459391138.4564346
2507,P00904,417430911.40362495
2508,P07730,563006830.7976533
2509,P08125,454620232.1314815
2510,P04498,588853788.4730508
2511,P09886,559786840.2018901
2512,P04374,393575454.3660215
2513,P00685,496587402.5342319
2514,P05046,517852219.62025803
2515,P02802,437307538.2622907
2516,P02913,431870281.11001855
2517,P02736,568683720.405626
2518,P01604,422624218.08709276
2519,P08709,541555845.602702
2520,P07502,469415061.3941039
2521,P05335,493280038.5306271
2522,P02922,400641108.9895538
2523,P02900,439925522.2559871
2524,P03554,436981560.11020046
2525,P03980,519078774.74354553
2526,P04090,469936372.2180809
2527,P09290,473681918.2643563
2528,P03387,542049786.5146313
2529,P03470,410269479.13279194
2530,P00442,449917475.376099
2531,P06261,438867026.58822143
2532,P06909,437714309.9504721
2533,P00787,494877896.65925235
2534,P04521,506807099.0564154
2535,P07783,555978896.9248123
2536,P00712,477788818.48008436
2537,P09173,502074712.3949968
2538,P07195,410052192.30785555
2539,P04421,492334713.150648
2540,P09627,515575757.3149118
2541,P05158,470682234.2439758
2542,P04004,444976296.91818935
2543,P06848,549779578.1304749
2544,P06265,386156427.99234
2545,P06276,544500757.6882693
2546,P06172,517632051.655961
2547,P07617,604200140.207327
2548,P03851,523565741.28115755
2549,P03159,534150443.4485619
2550,P08457,488488004.91273844
2551,P04832,442264948.8359243
2552,P00565,473850306.03785735
2553,P00912,473449772.1736729
2554,P07436,466650042.8780875
2555,P08113,469065647.42520475
2556,P04437,500637474.7817241
2557,P00989,522572679.7853452
2558,P08580,464529368.5269198
2559,P02485,512678798.79388607
2560,P06096,490034381.937913
2561,P04302,489961397.36035126
2562,P03452,534001216.8032666
2563,P02121,442547292.1532719
2564,P03777,437332673.5240325
2565,P09564,492450050.1024936
2566,P00249,461130941.64807725
2567,P02403,471148531.1299354
2568,P03391,496885782.9343904
2569,P08256,483517569.4721333
2570,P04249,531620705.9016459
2571,P05773,446095230.42787075
2572,P04775,456303681.7825412
2573,P01288,550945054.5567433
2574,P04645,531724234.25393754
2575,P09498,453049904.40652615
2576,P06548,474083556.4739045
2577,P09814,510596494.2499529
2578,P06742,484825381.8614773
2579,P03680,424640664.371066
2580,P09263,410395974.5865066
2581,P05073,420078502.64965105
2582,P06249,505970742.3841418
2583,P05544,571084281.5694505
2584,P04700,525012736.89866406
2585,P01653,526610370.40583766
2586,P01325,456787538.49283004
2587,P04613,421716811.5845892
2588,P04413,392072583.573712
2589,P08546,509534080.8872658
2590,P06256,478420528.2729928
2591,P05325,443888505.8698445
2592,P08150,503153676.57876086
2593,P08879,570053796.9847004
2594,P07727,553189371.581013
2595,P00553,452739217.81257844
2596,P07157,635229810.0207791
2597,P00781,456670785.3500835
2598,P07822,622579356.7654382
2599,P07909,581178220.2199214
2600,P00296,519837927.0897926
2601,P06361,517778336.28038234
2602,P06988,585179657.7564489
2603,P00667,438995734.4002229
2604,P01794,540538853.3007843
2605,P01186,416143091.58157325
2606,P06538,468375143.74795914
2607,P04459,487872054.4034707
2608,P07966,391498195.54705065
2609,P04860,406640786.3487255
2610,P04197,556149586.9474034
2611,P04933,474873671.1843184
2612,P08945,462943120.52289355
2613,P08701,552500231.4752258
2614,P00399,433316207.51229584
2615,P09196,408911854.00659347
2616,P03699,408290434.63656473
2617,P05142,498876665.1579997
2618,P00372,485413796.4045409
2619,P08161,480485001.4482227
2620,P07855,515811838.87577075
2621,P06091,508225674.73800933
2622,P09351,460618388.5736197
2623,P08146,521515654.96666384
2624,P06591,489308323.543656
2625,P07996,481362213.84531313
2626,P02483,466367679.8821567
2627,P08998,548742234.9366454
2628,P00564,408137142.1374459
2629,P03443,484279848.93474066
2630,P08058,497828672.0006499
2631,P05258,467078777.80277365
2632,P03513,578984613.9412106
2633,P05626,454858803.907574
2634,P02120,523984402.4009333
2635,P08194,438755532.31973785
2636,P02190,581384846.985027
2637,P04293,606874924.633878
2638,P05802,599086306.6434842
2639,P07292,617798516.9307195
2640,P00495,531197033.93285626
2641,P06942,526469492.0647499
2642,P02883,549396441.8331237
2643,P03746,401096434.24636286
2644,P08799,461830883.4935323
2645,P04315,518107811.4670367
2646,P00435,456061854.2694037
2647,P02106,495143461.39372635
2648,P04350,423590644.06983316
2649,P04859,433968486.68677837
2650,P07191,546198703.7477226
2651,P05546,577024557.3091589
2652,P03461,464024555.24251825
2653,P09711,453848087.4892288
2654,P00735,423328811.8480679
2655,P01845,488045035.1419578
2656,P03067,558196148.7235692
2657,P02840,403121197.7580787
2658,P04000,505176617.77939403
2659,P00427,455372967.90241104
2660,P08699,515896600.50289446
2661,P09824,478205911.23549867
2662,P09193,428343981.3701111
2663,P03871,389104371.82067597
2664,P03017,497808941.8372072
2665,P03896,477693536.7504413
2666,P08332,417464528.78384346
2667,P04703,555905647.2242295
2668,P08779,453433478.3283589
2669,P04680,418638645.5265712
2670,P08840,555045548.8356643
2671,P09835,539661023.6482812
2672,P09962,498208508.50789
2673,P07321,522720391.91787136
2674,P00969,602861983.9452958
2675,P02205,701059371.8218764
2676,P03447,461044686.32781935
2677,P01299,475479369.7227314
2678,P01391,509961396.41033214
2679,P01669,513517607.4828023
2680,P08539,516359893.83830774
2681,P05322,630961097.9059408
2682,P01296,552294199.7520791
2683,P00205,474996865.72839224
2684,P08620,438893762.74958044
2685,P03029,425389248.78647643
2686,P01710,462285250.6914279
2687,P02519,489527659.92140293
2688,P00578,409160214.8106927
2689,P08231,561422726.8498757
2690,P00227,444278717.4181781
2691,P09478,566599087.6342684
2692,P04529,485084847.0854584
2693,P00314,417011293.26718605
2694,P07290,495831647.39561886
2695,P02877,419215806.0509163
2696,P06560,449411961.3284895
2697,P08286,480618796.3376019
2698,P08774,460912695.0858664
2699,P01536,613783723.9620419
2700,P03396,472869901.7764212
2701,P01860,475334436.67309165
2702,P03038,554209321.0253248
2703,P07081,406512556.0839634
2704,P02882,498370234.1447579
2705,P07402,489577653.15458345
2706,P01344,469740495.11144567
2707,P02508,603276482.1213721
2708,P06174,511051581.09416145
2709,P05326,443101102.9988248
2710,P00921,602406116.7923368
2711,P08385,593658962.3943862
2712,P08336,536388047.83686846
2713,P05271,427715230.8587312
2714,P09333,509615170.59671754
2715,P08110,535470304.2434233
2716,P00656,463643629.54219
2717,P04339,422176105.08515316
2718,P06651,490141531.06231076
2719,P00557,435534703.1346794
2720,P00084,476947436.07151616
2721,P02225,544933559.6289358
2722,P00284,478053841.3274493
2723,P07871,440640446.77293277
2724,P07246,473510700.31040233
2725,P08722,535843106.52876335
2726,P07010,446346876.91208076
2727,P08916,456513792.84988225
2728,P01876,416431000.81282246
2729,P00046,470705643.9169246
2730,P04662,426895038.67796975
2731,P03247,432322941.2905841
2732,P01704,512842432.7072947
2733,P05663,440406260.4051978
2734,P04795,532108016.8168156
2735,P09656,579036238.5565431
2736,P04330,541080985.9494166
2737,P01223,423556649.6516374
2738,P06613,473955051.6918047
2739,P07899,528535959.83179617
2740,P07206,584020645.1557333
2741,P09284,411565952.6151403
2742,P08406,557384706.498448
2743,P05741,497120215.7002054
2744,P02287,512950520.89022017
2745,P08094,501382962.2414102
2746,P07412,418080736.10867625
2747,P02540,609650108.0347338
2748,P06998,450910078.9986367
2749,P02872,585582484.1522264
2750,P07877,672278306.9638654
2751,P02075,427191673.49974227
2752,P00477,596373787.0753702
2753,P00076,510121499.7412777
2754,P01140,465207440.65757215
2755,P07429,572137903.7560694
2756,P07609,435047242.2574362
2757,P03861,456977559.02751064
2758,P05526,469585338.7625304
2759,P00319,463265255.4866793
2760,P08359,419052686.7820632
2761,P07173,473387362.1628651
2762,P09359,554859030.2830613
2763,P06263,488200802.7196754
2764,P09589,403473884.3276609
2765,P02575,417747712.8993267
2766,P09355,446521075.98414433
2767,P00446,426808079.3524371
2768,P05719,440085146.658603
2769,P03069,408839831.72694737
2770,P00548,500803370.1882707
2771,P06353,460938155.52547115
2772,P01101,447118925.311058
2773,P09613,557232461.7633431
2774,P00380,451600080.7623157
2775,P00373,527848536.5817364
2776,P04296,499793936.4477508
2777,P04013,571312480.9618526
2778,P08075,540297755.4418796
2779,P08514,453956004.5688536
2780,P07979,606542373.1315937
2781,P00506,457467074.57125664
2782,P03578,463369857.0298272
2783,P05594,347183376.7538488
2784,P00218,504835706.84013426
2785,P09100,444376284.77930933
2786,P00003,563266749.448685
2787,P07906,500703318.6853269
2788,P07219,501274125.9222054
2789,P03651,529994027.312822
2790,P04188,402278231.6543174
2791,P04849,377990006.21087646
2792,P04219,497561120.1185393
2793,P03634,460895053.9597644
2794,P08855,494332593.1039832
2795,P03016,510000915.21665347
2796,P03883,444109584.1697273
2797,P03685,499713521.68647
2798,P05241,479779990.3733789
2799,P09412,509538262.80653495
2800,P00277,470029630.299564
2801,P01640,454152096.8664362
2802,P07596,483022190.6912659
2803,P02271,535234532.21600956
2804,P09725,556690296.9306049
2805,P02505,529806828.663671
2806,P00841,490596432.76962316
2807,P04792,412731660.98088205
2808,P09017,481784096.1993392
2809,P02985,479219304.48637754
2810,P05653,416516608.41221535
2811,P04915,465949089.4906564
2812,P08193,478945206.556304
2813,P02805,460407200.2262817
2814,P07552,466754302.7139038
2815,P04235,512515271.9996737
2816,P07359,445235826.034551
2817,P09553,537112629.0211227
2818,P00290,441586362.24530816
2819,P03070,462869942.6564215
2820,P04340,542909128.8520867
2821,P01139,533825834.7536572
2822,P06274,413372991.2993559
2823,P03278,464137001.82299757
2824,P03011,435279145.67994124
2825,P00932,512334951.9985254
2826,P08760,506879637.9906283
2827,P05606,442118785.790903
2828,P09252,424246695.2683072
2829,P00725,467924907.89669657
2830,P00808,412322641.395842
2831,P02926,465946777.1887394
2832,P02065,426431432.48564404
2833,P09242,479233753.5006621
2834,P04568,446748023.3122667
2835,P04632,438939875.47482413
2836,P02044,593505462.7351133
2837,P06818,539356460.6134144
2838,P00809,605081005.2044005
2839,P03085,456333120.8624629
2840,P01700,523454226.5165664
2841,P09287,490280620.7471924
2842,P06825,630315644.2147524
2843,P05296,605287343.9485703
2844,P06114,496018065.5046597
2845,P05778,511707483.4866351
2846,P06968,603687216.4873741
2847,P09957,553062661.2860495
2848,P01337,508894456.29051346
2849,P02753,415640775.66577643
2850,P06166,505666547.48262143
2851,P00274,647910065.7693939
2852,P06229,608644201.6685736
2853,P01411,486520218.1954853
2854,P08745,476777778.3289286
2855,P04650,448879799.4627051
2856,P04354,449828705.21634656
2857,P06171,478698443.1753527
2858,P08104,554859401.5958532
2859,P04064,486120095.1845836
2860,P01994,459217621.25331384
2861,P06175,595467301.1643717
2862,P07701,421638463.64174867
2863,P01588,506573531.0905473
2864,P07589,524365397.8235753
2865,P05364,560789896.96945
2866,P04207,541125372.6867051
2867,P00438,486375597.96518695
2868,P06272,454112605.1288301
2869,P02142,532425692.2810635
2870,P04489,415585657.4922348
2871,P07888,463441878.8524206
2872,P00238,503131540.1246776
2873,P09975,509330123.8294901
2874,P02421,421949703.64599866
2875,P07237,616497676.2445452
2876,P08285,507588014.66516435
2877,P01619,492951871.958163
2878,P07274,690382727.5981442
2879,P02493,509341386.0255289
2880,P03294,336318938.0274241
2881,P04965,458962309.4358926
2882,P04222,445636551.49603206
2883,P09008,550746644.7832164
2884,P00814,485411050.0191721
2885,P01506,475212796.2416627
2886,P03538,502718467.19234747
2887,P02955,422403776.750041
2888,P00250,499078856.9357348
2889,P06392,550578275.1458052
2890,P04153,552168539.0102669
2891,P05491,606455720.9266331
2892,P03112,417104787.98295903
2893,P00158,469360223.2223001
2894,P08731,463490665.2778737
2895,P09741,557067289.4218547
2896,P10029,539550516.4114927
2897,P07554,499057367.1528389
2898,P06496,435454669.01351845
2899,P02878,393192949.9029808
2900,P00641,428725303.5421095
2901,P07136,557136446.1563411
2902,P07199,479051563.513407
2903,P08123,641243890.6973721
2904,P07963,544044490.2449878
2905,P04055,598620833.8941981
2906,P07269,482059013.0921463
2907,P06245,574055333.5737709
2908,P06008,442165761.5993914
2909,P02839,472303177.01421005
2910,P07594,547679484.9177035
2911,P05269,456171032.42956305
2912,P09638,460725168.1627094
2913,P00711,588546230.0348494
2914,P05814,644453860.7346517
2915,P01947,342656244.064133
2916,P09979,541722488.2230656
2917,P04405,405551858.67379147
2918,P01163,437421872.61749
2919,P04268,421245575.2772986
2920,P01065,513074743.0354216
2921,P08603,451224208.34414124
2922,P00474,537383288.0935262
2923,P08173,555228739.9752555
2924,P00643,503118460.40157175
